Customer ,Channel,Market ,SubMarket,Bundle Bought,Price Sold At,Floor,Target,Ceiling,SalesPerson,Season
8,TV,Millenial,High End,40,9026,7073,7494,9046,SalesPerson4,FallSeason
7,Radio,Millenial,High End,46,9009,7073,7494,9046,SalesPerson10,FallSeason
15,Ad,Senior,High End,61,8983,7135,7524,9018,SalesPerson1,FallSeason
9,Ad,Millenial,High End,37,8895,7073,7494,9046,SalesPerson1,FallSeason
7,Web,Millenial,High End,43,8868,7073,7494,9046,SalesPerson7,FallSeason
7,TV,Millenial,High End,40,8822,7073,7494,9046,SalesPerson4,FallSeason
13,Ad,Senior,High End,61,8775,7135,7524,9018,SalesPerson1,FallSeason
7,Radio,Millenial,High End,46,8756,7073,7494,9046,SalesPerson10,FallSeason
7,TV,Millenial,High End,40,8750,7073,7494,9046,SalesPerson4,FallSeason
14,Ad,Senior,High End,61,8723,7135,7524,9018,SalesPerson1,FallSeason
7,Web,Millenial,High End,43,8631,7073,7494,9046,SalesPerson7,FallSeason
7,Ad,Millenial,High End,37,8595,7073,7494,9046,SalesPerson1,FallSeason
9,TV,Millenial,High End,40,8552,7073,7494,9046,SalesPerson4,FallSeason
9,Radio,Millenial,High End,46,8528,7073,7494,9046,SalesPerson10,FallSeason
9,TV,Millenial,High End,40,8495,7073,7494,9046,SalesPerson4,FallSeason
8,Radio,Millenial,High End,46,8429,7073,7494,9046,SalesPerson10,FallSeason
16,TV,B2B,Mid Cap,5,8403,6579,6963,8403,SalesPerson5,
19,Ad,B2B,Mid Cap,2,8403,6579,6963,8403,SalesPerson2,FallSeason
20,Web,B2B,Mid Cap,8,8389,6579,6963,8403,SalesPerson8,FallSeason
9,Ad,Millenial,High End,37,8381,7073,7494,9046,SalesPerson1,FallSeason
20,Radio,B2B,Mid Cap,11,8376,6579,6963,8403,SalesPerson11,FallSeason
8,TV,Millenial,High End,40,8349,7073,7494,9046,SalesPerson4,BackToSchool
10,Web,Genz,High End,55,8321,6601,6977,8429,SalesPerson7,FallSeason
17,TV,B2B,Mid Cap,5,8311,6579,6963,8403,SalesPerson5,FallSeason
12,Web,Genz,High End,55,8305,6601,6977,8429,SalesPerson7,FallSeason
9,Ad,Millenial,High End,37,8304,7073,7494,9046,SalesPerson1,FallSeason
7,TV,Millenial,High End,40,8300,7073,7494,9046,SalesPerson4,BackToSchool
19,Radio,B2B,Mid Cap,11,8250,6579,6963,8403,SalesPerson11,FallSeason
19,Web,B2B,Mid Cap,8,8246,6579,6963,8403,SalesPerson8,FallSeason
18,TV,B2B,Mid Cap,5,8234,6579,6963,8403,SalesPerson5,FallSeason
8,Radio,Millenial,High End,46,8228,7073,7494,9046,SalesPerson10,FallSeason
20,Ad,B2B,Mid Cap,2,8222,6579,6963,8403,SalesPerson2,FallSeason
8,Web,Millenial,High End,43,8168,7073,7494,9046,SalesPerson7,FallSeason
13,Ad,Senior,High End,61,8166,7135,7524,9018,SalesPerson1,FallSeason
16,Ad,Senior,High End,61,8151,7135,7524,9018,SalesPerson1,FallSeason
14,Ad,Senior,High End,61,8146,7135,7524,9018,SalesPerson1,BackToSchool
19,TV,B2B,Mid Cap,5,8122,6579,6963,8403,SalesPerson5,FallSeason
18,Radio,B2B,Mid Cap,11,8112,6579,6963,8403,SalesPerson11,FallSeason
13,Ad,Senior,High End,61,8105,7135,7524,9018,SalesPerson1,BackToSchool
18,Web,B2B,Mid Cap,8,8102,6579,6963,8403,SalesPerson8,FallSeason
9,Web,Millenial,High End,43,8100,7073,7494,9046,SalesPerson7,FallSeason
7,Radio,Millenial,High End,46,8088,7073,7494,9046,SalesPerson10,BackToSchool
8,Web,Millenial,High End,43,8088,7073,7494,9046,SalesPerson7,FallSeason
8,Ad,Millenial,High End,37,8061,7073,7494,9046,SalesPerson1,FallSeason
11,Web,Genz,High End,55,8045,6601,6977,8429,SalesPerson7,FallSeason
15,Ad,Senior,High End,61,8011,7135,7524,9018,SalesPerson1,BackToSchool
20,TV,B2B,Mid Cap,5,8000,6579,6963,8403,SalesPerson5,FallSeason
8,Ad,Millenial,High End,37,8000,7073,7494,9046,SalesPerson1,BackToSchool
9,Web,Millenial,High End,43,7994,7073,7494,9046,SalesPerson7,BackToSchool
17,Radio,B2B,Mid Cap,11,7981,6579,6963,8403,SalesPerson11,FallSeason
7,Radio,Millenial,High End,46,7965,7073,7494,9046,SalesPerson10,BackToSchool
17,Web,B2B,Mid Cap,8,7954,6579,6963,8403,SalesPerson8,FallSeason
9,Web,Millenial,High End,43,7945,7073,7494,9046,SalesPerson7,BackToSchool
11,Web,Genz,High End,55,7942,6601,6977,8429,SalesPerson7,FallSeason
7,Web,Millenial,High End,43,7926,7073,7494,9046,SalesPerson7,BackToSchool
9,Radio,Millenial,High End,46,7902,7073,7494,9046,SalesPerson10,BackToSchool
9,Radio,Millenial,High End,46,7895,7073,7494,9046,SalesPerson10,BackToSchool
7,Web,Millenial,High End,43,7878,7073,7494,9046,SalesPerson7,BackToSchool
14,Ad,Senior,High End,61,7872,7135,7524,9018,SalesPerson1,BackToSchool
8,Ad,Millenial,High End,37,7858,7073,7494,9046,SalesPerson1,BackToSchool
10,Web,Genz,High End,55,7831,6601,6977,8429,SalesPerson7,FallSeason
10,Web,Genz,High End,55,7826,6601,6977,8429,SalesPerson7,BackToSchool
8,Web,Millenial,High End,43,7826,7073,7494,9046,SalesPerson7,BackToSchool
16,Web,B2B,Mid Cap,8,7803,6579,6963,8403,SalesPerson8,FallSeason
16,Radio,B2B,Mid Cap,11,7803,6579,6963,8403,SalesPerson11,FallSeason
7,TV,Millenial,High End,40,7773,7073,7494,9046,SalesPerson4,BackToSchool
9,TV,Millenial,High End,40,7766,7073,7494,9046,SalesPerson4,BackToSchool
12,Web,Genz,High End,55,7759,6601,6977,8429,SalesPerson7,BackToSchool
20,Web,B2B,Mid Cap,8,7689,6579,6963,8403,SalesPerson8,BackToSchool
20,Radio,B2B,Mid Cap,11,7689,6579,6963,8403,SalesPerson11,BackToSchool
15,Ad,Senior,High End,61,7681,7135,7524,9018,SalesPerson1,BackToSchool
18,Ad,B2B,Mid Cap,2,7625,6579,6963,8403,SalesPerson2,FallSeason
7,Ad,Millenial,High End,37,7615,7073,7494,9046,SalesPerson1,BackToSchool
8,Radio,Millenial,High End,46,7592,7073,7494,9046,SalesPerson10,backToSchool
19,Web,B2B,Mid Cap,8,7578,6579,6963,8403,SalesPerson8,BackToSchool
19,Radio,B2B,Mid Cap,11,7562,6579,6963,8403,SalesPerson11,BackToSchool
8,TV,Millenial,High End,40,7552,7073,7494,9046,SalesPerson4,BackToSchool
17,Ad,B2B,Mid Cap,2,7543,6579,6963,8403,SalesPerson2,FallSeason
7,Ad,Millenial,High End,37,7541,7073,7494,9046,SalesPerson1,BackToSchool
17,TV,B2B,Mid Cap,5,7523,6579,6963,8403,SalesPerson5,BackToSchool
7,Ad,Millenial,High End,37,7512,7073,7494,9046,SalesPerson1,BackToSchool
16,Ad,B2B,High End,1,7504,5910,6214,7504,SalesPerson1,FallSeason
20,TV,B2B,High End,4,7504,5910,6214,7504,SalesPerson4,
12,Web,Genz,High End,55,7476,6601,6977,8429,SalesPerson7,BackToSchool
8,TV,Millenial,High End,40,7463,7073,7494,9046,SalesPerson4,ThanksGiving
10,Ad,Genz,High End,49,7462,5725,5984,7504,SalesPerson1,FallSeason
16,Ad,B2B,Mid Cap,2,7459,6579,6963,8403,SalesPerson2,FallSeason
8,Web,Millenial,High End,43,7459,7073,7494,9046,SalesPerson7,ThanksGiving
9,Radio,Millenial,High End,46,7457,7073,7494,9046,SalesPerson10,ThanksGiving
8,Web,Millenial,High End,43,7450,7073,7494,9046,SalesPerson7,ThanksGiving
17,Ad,Senior,High End,61,7439,7135,7524,9018,SalesPerson1,ThanksGiving
19,Ad,B2B,High End,1,7436,5910,6214,7504,SalesPerson1,FallSeason
19,TV,B2B,Mid Cap,5,7435,6579,6963,8403,SalesPerson5,BackToSchool
19,TV,B2B,High End,4,7432,5910,6214,7504,SalesPerson4,FallSeason
12,Ad,Genz,High End,49,7431,5725,5984,7504,SalesPerson1,FallSeason
7,TV,Millenial,High End,40,7422,7073,7494,9046,SalesPerson4,ThanksGiving
18,Web,B2B,Mid Cap,8,7421,6579,6963,8403,SalesPerson8,BackToSchool
18,Radio,B2B,Mid Cap,11,7414,6579,6963,8403,SalesPerson11,BackToSchool
20,Web,B2B,High End,7,7398,5910,6214,7504,SalesPerson7,FallSeason
16,Ad,Senior,High End,61,7389,7135,7524,9018,SalesPerson1,ThanksGiving
9,Radio,Millenial,High End,46,7388,7073,7494,9046,SalesPerson10,ThanksGiving
8,Ad,Millenial,High End,37,7387,7073,7494,9046,SalesPerson1,ThanksGiving
20,Radio,B2B,High End,10,7367,5910,6214,7504,SalesPerson10,FallSeason
20,Ad,B2B,Mid Cap,2,7365,6579,6963,8403,SalesPerson2,BackToSchool
19,Ad,B2B,High End,1,7345,5910,6214,7504,SalesPerson1,FallSeason
16,TV,B2B,Mid Cap,5,7345,6579,6963,8403,SalesPerson5,BackToSchool
7,Radio,Millenial,High End,46,7339,7073,7494,9046,SalesPerson10,ThanksGiving
17,Ad,Senior,High End,61,7333,7135,7524,9018,SalesPerson1,ThanksGiving
16,Ad,Senior,High End,61,7332,7135,7524,9018,SalesPerson1,ThanksGiving
19,Radio,B2B,High End,10,7325,5910,6214,7504,SalesPerson10,FallSeason
8,TV,Millenial,High End,40,7324,7073,7494,9046,SalesPerson4,ThanksGiving
9,Web,Millenial,High End,43,7317,7073,7494,9046,SalesPerson7,ThanksGiving
18,Radio,B2B,High End,10,7301,5910,6214,7504,SalesPerson10,FallSeason
9,Ad,Millenial,High End,37,7299,7073,7494,9046,SalesPerson1,ThanksGiving
9,TV,Millenial,High End,40,7292,7073,7494,9046,SalesPerson4,ThanksGiving
17,Web,B2B,Mid Cap,8,7285,6579,6963,8403,SalesPerson8,BackToSchool
7,Web,Millenial,High End,43,7283,7073,7494,9046,SalesPerson7,ThanksGiving
8,Radio,Millenial,Mid Cap,47,7281,5735,6106,7298,SalesPerson11,FallSeason
17,Radio,B2B,Mid Cap,11,7278,6579,6963,8403,SalesPerson11,BackToSchool
17,Ad,Senior,High End,61,7269,7135,7524,9018,SalesPerson1,ThanksGiving
19,Web,B2B,High End,7,7263,5910,6214,7504,SalesPerson7,FallSeason
19,Ad,B2B,Mid Cap,2,7245,6579,6963,8403,SalesPerson2,BackToSchool
15,Web,Senior,High End,67,7235,5728,6152,7403,SalesPerson7,FallSeason
16,Radio,B2B,High End,10,7211,5910,6214,7504,SalesPerson10,FallSeason
9,Web,Millenial,Mid Cap,44,7206,5735,6106,7298,SalesPerson8,FallSeason
9,Web,Millenial,High End,43,7205,7073,7494,9046,SalesPerson7,ThanksGiving
7,Ad,Millenial,High End,37,7205,7073,7494,9046,SalesPerson1,ThanksGiving
9,TV,Millenial,High End,40,7203,7073,7494,9046,SalesPerson4,ThanksGiving
20,Ad,B2B,High End,1,7200,5910,6214,7504,SalesPerson1,FallSeason
11,Web,Genz,High End,55,7195,6601,6977,8429,SalesPerson7,BackToSchool
7,TV,Millenial,Mid Cap,41,7168,5735,6106,7298,SalesPerson5,FallSeason
8,Radio,Millenial,High End,46,7166,7073,7494,9046,SalesPerson10,ThanksGiving
18,Web,B2B,High End,7,7145,5910,6214,7504,SalesPerson7,FallSeason
9,Radio,Millenial,Mid Cap,47,7141,5735,6106,7298,SalesPerson11,FallSeason
16,Web,B2B,Mid Cap,8,7132,6579,6963,8403,SalesPerson8,BackToSchool
16,Radio,B2B,Mid Cap,11,7132,6579,6963,8403,SalesPerson11,BackToSchool
17,Ad,B2B,High End,1,7123,5910,6214,7504,SalesPerson1,FallSeason
18,Ad,B2B,Mid Cap,2,7123,6579,6963,8403,SalesPerson2,BackToSchool
9,TV,Millenial,Mid Cap,41,7122,5735,6106,7298,SalesPerson5,FallSeason
8,Radio,Millenial,High End,46,7095,7073,7494,9046,SalesPerson10,ThanksGiving
9,Ad,Millenial,High End,37,7094,7073,7494,9046,SalesPerson1,ThanksGiving
10,Web,Genz,High End,55,7083,6601,6977,8429,SalesPerson7,BackToSchool
8,Ad,Millenial,High End,37,7082,7073,7494,9046,SalesPerson1,ThanksGiving
14,Web,Senior,High End,67,7073,5728,6152,7403,SalesPerson7,FallSeason
9,Ad,Millenial,Mid Cap,38,7061,5735,6106,7298,SalesPerson2,FallSeason
15,Web,Senior,High End,67,7054,5728,6152,7403,SalesPerson7,FallSeason
18,Radio,B2B,High End,10,7050,5910,6214,7504,SalesPerson10,FallSeason
11,Ad,Genz,High End,49,7037,5725,5984,7504,SalesPerson1,FallSeason
13,Web,Senior,High End,67,7036,5728,6152,7403,SalesPerson7,FallSeason
8,Radio,Millenial,Mid Cap,47,7031,5735,6106,7298,SalesPerson11,FallSeason
9,Radio,Millenial,Mid Cap,47,7022,5735,6106,7298,SalesPerson11,FallSeason
17,Web,B2B,High End,7,7021,5910,6214,7504,SalesPerson7,FallSeason
7,Web,Millenial,Mid Cap,44,7019,5735,6106,7298,SalesPerson8,FallSeason
17,Ad,B2B,Mid Cap,2,7000,6579,6963,8403,SalesPerson2,BackToSchool
18,TV,B2B,Mid Cap,5,6999,6579,6963,8403,SalesPerson5,BackToSchool
12,Ad,Genz,High End,49,6994,5725,5984,7504,SalesPerson1,FallSeason
16,Ad,B2B,High End,1,6973,5910,6214,7504,SalesPerson1,BackToSchool
7,Web,Millenial,Mid Cap,44,6969,5735,6106,7298,SalesPerson8,FallSeason
16,Ad,B2B,Mid Cap,2,6963,6579,6963,8403,SalesPerson2,BackToSchool
20,TV,B2B,Mid Cap,5,6963,6579,6963,8403,SalesPerson5,BackToSchool
20,Web,B2B,Mid Cap,8,6963,6579,6963,8403,SalesPerson8,
13,Web,Senior,High End,67,6959,5728,6152,7403,SalesPerson7,FallSeason
8,Ad,Millenial,Mid Cap,38,6957,5735,6106,7298,SalesPerson2,FallSeason
8,TV,Millenial,Mid Cap,41,6953,5735,6106,7298,SalesPerson5,FallSeason
20,Ad,B2B,Mid Cap,2,6950,6579,6963,8403,SalesPerson2,ThanksGiving
20,Radio,B2B,Mid Cap,11,6950,6579,6963,8403,SalesPerson11,ThanksGiving
12,Web,Genz,High End,55,6949,6601,6977,8429,SalesPerson7,ThanksGiving
19,Radio,B2B,High End,10,6945,5910,6214,7504,SalesPerson10,BackToSchool
14,Web,Senior,High End,67,6936,5728,6152,7403,SalesPerson7,BackToSchool
8,Web,Millenial,Mid Cap,44,6924,5735,6106,7298,SalesPerson8,FallSeason
19,Web,B2B,Mid Cap,8,6921,6579,6963,8403,SalesPerson8,ThanksGiving
18,TV,B2B,High End,4,6904,5910,6214,7504,SalesPerson4,FallSeason
19,Radio,B2B,Mid Cap,11,6901,6579,6963,8403,SalesPerson11,ThanksGiving
20,TV,B2B,Mid Cap,5,6900,6579,6963,8403,SalesPerson5,ThanksGiving
16,Web,B2B,High End,7,6893,5910,6214,7504,SalesPerson7,FallSeason
17,Radio,B2B,High End,10,6888,5910,6214,7504,SalesPerson10,BackToSchool
11,Web,Genz,High End,55,6882,6601,6977,8429,SalesPerson7,ThanksGiving
8,Ad,Millenial,Mid Cap,38,6872,5735,6106,7298,SalesPerson2,FallSeason
7,Ad,Millenial,Mid Cap,38,6847,5735,6106,7298,SalesPerson2,FallSeason
18,Web,B2B,Mid Cap,8,6843,6579,6963,8403,SalesPerson8,ThanksGiving
17,TV,B2B,High End,4,6839,5910,6214,7504,SalesPerson4,FallSeason
7,Ad,Millenial,Mid Cap,38,6831,5735,6106,7298,SalesPerson2,FallSeason
18,Radio,B2B,Mid Cap,11,6823,6579,6963,8403,SalesPerson11,ThanksGiving
17,Ad,B2B,High End,1,6821,5910,6214,7504,SalesPerson1,BackToSchool
7,TV,Millenial,Mid Cap,41,6812,5735,6106,7298,SalesPerson5,FallSeason
18,Ad,B2B,Mid Cap,2,6811,6579,6963,8403,SalesPerson2,ThanksGiving
19,TV,B2B,Mid Cap,5,6802,6579,6963,8403,SalesPerson5,ThanksGiving
10,Web,Genz,High End,55,6796,6601,6977,8429,SalesPerson7,ThanksGiving
11,Web,Genz,High End,55,6794,6601,6977,8429,SalesPerson7,ThanksGiving
17,Radio,B2B,High End,10,6789,5910,6214,7504,SalesPerson10,BackToSchool
7,Ad,Millenial,Mid Cap,38,6782,5735,6106,7298,SalesPerson2,BackToSchool
4,Radio,College Student,High End,34,6764,5295,5634,6768,SalesPerson10,FallSeason
8,Ad,Millenial,Mid Cap,38,6763,5735,6106,7298,SalesPerson2,backToSchool
9,Ad,Millenial,Mid Cap,38,6757,5735,6106,7298,SalesPerson2,BackToSchool
17,Radio,B2B,Mid Cap,11,6754,6579,6963,8403,SalesPerson11,ThanksGiving
8,TV,Millenial,Mid Cap,41,6750,5735,6106,7298,SalesPerson5,FallSeason
20,Web,B2B,High End,7,6750,5910,6214,7504,SalesPerson7,BackToSchool
5,Web,College Student,High End,31,6742,5295,5634,6768,SalesPerson7,FallSeason
18,Ad,B2B,High End,1,6738,5910,6214,7504,SalesPerson1,BackToSchool
7,TV,Millenial,Mid Cap,41,6734,5735,6106,7298,SalesPerson5,BackToSchool
17,Ad,B2B,Mid Cap,2,6734,6579,6963,8403,SalesPerson2,ThanksGiving
18,TV,B2B,Mid Cap,5,6726,6579,6963,8403,SalesPerson5,ThanksGiving
17,Web,B2B,Mid Cap,8,6725,6579,6963,8403,SalesPerson8,ThanksGiving
12,Web,Genz,High End,55,6724,6601,6977,8429,SalesPerson7,ThanksGiving
4,Ad,College Student,High End,25,6723,5295,5634,6768,SalesPerson1,FallSeason
16,TV,B2B,High End,4,6723,5910,6214,7504,SalesPerson4,FallSeason
15,Web,Senior,High End,67,6712,5728,6152,7403,SalesPerson7,BackToSchool
9,Web,Millenial,Mid Cap,44,6703,5735,6106,7298,SalesPerson8,BackToSchool
12,Ad,Genz,High End,49,6700,5725,5984,7504,SalesPerson1,FallSeason
9,TV,Millenial,Mid Cap,41,6699,5735,6106,7298,SalesPerson5,BackToSchool
19,Web,B2B,High End,7,6698,5910,6214,7504,SalesPerson7,BackToSchool
17,TV,B2B,Mid Cap,5,6690,6579,6963,8403,SalesPerson5,ThanksGiving
5,TV,College Student,High End,28,6689,5295,5634,6768,SalesPerson4,FallSeason
13,Web,Senior,Mid Cap,68,6684,5249,5581,6686,SalesPerson8,FallSeason
20,TV,B2B,High End,4,6659,5910,6214,7504,SalesPerson4,BackToSchool
5,Radio,College Student,High End,34,6656,5295,5634,6768,SalesPerson10,FallSeason
14,Web,Senior,Mid Cap,68,6653,5249,5581,6686,SalesPerson8,FallSeason
6,Ad,College Student,High End,25,6650,5295,5634,6768,SalesPerson1,FallSeason
19,Ad,B2B,Mid Cap,2,6634,6579,6963,8403,SalesPerson2,ThanksGiving
16,Radio,B2B,Mid Cap,11,6632,6579,6963,8403,SalesPerson11,ThanksGiving
5,Radio,College Student,High End,34,6623,5295,5634,6768,SalesPerson10,FallSeason
16,Web,B2B,Mid Cap,8,6612,6579,6963,8403,SalesPerson8,ThanksGiving
4,Radio,College Student,High End,34,6610,5295,5634,6768,SalesPerson10,FallSeason
9,TV,Millenial,Mid Cap,41,6601,5735,6106,7298,SalesPerson5,BackToSchool
18,Ad,B2B,High End,1,6599,5910,6214,7504,SalesPerson1,BackToSchool
4,Web,College Student,High End,31,6595,5295,5634,6768,SalesPerson7,FallSeason
18,Web,B2B,High End,7,6582,5910,6214,7504,SalesPerson7,BackToSchool
16,Ad,B2B,Mid Cap,2,6579,6579,6963,8403,SalesPerson2,ThanksGiving
16,TV,B2B,Mid Cap,5,6579,6579,6963,8403,SalesPerson5,ThanksGiving
8,Web,Millenial,Mid Cap,44,6578,5735,6106,7298,SalesPerson8,BackToSchool
4,TV,College Student,High End,28,6573,5295,5634,6768,SalesPerson4,FallSeason
7,Radio,Millenial,Mid Cap,47,6557,5735,6106,7298,SalesPerson11,FallSeason
7,Ad,Millenial,Mid Cap,38,6553,5735,6106,7298,SalesPerson2,BackToSchool
6,Web,College Student,High End,31,6549,5295,5634,6768,SalesPerson7,FallSeason
19,TV,B2B,High End,4,6543,5910,6214,7504,SalesPerson4,BackToSchool
6,Web,College Student,High End,31,6540,5295,5634,6768,SalesPerson7,FallSeason
5,Ad,College Student,High End,25,6537,5295,5634,6768,SalesPerson1,FallSeason
11,Ad,Genz,High End,49,6534,5725,5984,7504,SalesPerson1,backToSchool
9,Web,Millenial,Mid Cap,44,6533,5735,6106,7298,SalesPerson8,FallSeason
16,Radio,B2B,High End,10,6500,5910,6214,7504,SalesPerson10,BackToSchool
9,Radio,Millenial,Mid Cap,47,6497,5735,6106,7298,SalesPerson11,BackToSchool
20,Radio,B2B,High End,10,6490,5910,6214,7504,SalesPerson10,BackToSchool
7,Web,Millenial,Mid Cap,44,6480,5735,6106,7298,SalesPerson8,BackToSchool
13,Web,Senior,Mid Cap,68,6471,5249,5581,6686,SalesPerson8,FallSeason
4,Radio,College Student,High End,34,6460,5295,5634,6768,SalesPerson10,FallSeason
6,TV,College Student,High End,28,6451,5295,5634,6768,SalesPerson4,FallSeason
17,Web,B2B,High End,7,6450,5910,6214,7504,SalesPerson7,BackToSchool
6,Radio,College Student,High End,34,6445,5295,5634,6768,SalesPerson10,BackToSchool
15,Web,Senior,Mid Cap,68,6432,5249,5581,6686,SalesPerson8,FallSeason
18,TV,B2B,High End,4,6423,5910,6214,7504,SalesPerson4,BackToSchool
8,Web,Millenial,Mid Cap,44,6416,5735,6106,7298,SalesPerson8,BackToSchool
4,Ad,College Student,High End,25,6402,5295,5634,6768,SalesPerson1,FallSeason
17,TV,B2B,High End,4,6399,5910,6214,7504,SalesPerson4,BackToSchool
8,TV,Millenial,Mid Cap,41,6378,5735,6106,7298,SalesPerson5,BackToSchool
5,TV,College Student,High End,28,6356,5295,5634,6768,SalesPerson4,BackToSchool
4,Radio,College Student,High End,34,6356,5295,5634,6768,SalesPerson10,BackToSchool
7,Radio,Millenial,Mid Cap,47,6354,5735,6106,7298,SalesPerson11,BackToSchool
15,Web,Senior,Mid Cap,68,6351,5249,5581,6686,SalesPerson8,FallSeason
14,Web,Senior,High End,67,6343,5728,6152,7403,SalesPerson7,BackToSchool
16,Web,B2B,High End,7,6325,5910,6214,7504,SalesPerson7,BackToSchool
7,Web,Millenial,Mid Cap,44,6313,5735,6106,7298,SalesPerson8,BackToSchool
13,Web,Senior,High End,67,6311,5728,6152,7403,SalesPerson7,BackToSchool
5,Radio,College Student,High End,34,6310,5295,5634,6768,SalesPerson10,backToSchool
13,Web,Senior,High End,67,6304,5728,6152,7403,SalesPerson7,BackToSchool
6,Web,College Student,High End,31,6289,5295,5634,6768,SalesPerson7,FallSeason
6,Ad,College Student,High End,25,6278,5295,5634,6768,SalesPerson1,FallSeason
7,Radio,Millenial,Mid Cap,47,6256,5735,6106,7298,SalesPerson11,BackToSchool
11,Ad,Genz,High End,49,6254,5725,5984,7504,SalesPerson1,BackToSchool
7,Radio,Millenial,Mid Cap,47,6239,5735,6106,7298,SalesPerson11,BackToSchool
20,Ad,B2B,High End,1,6237,5910,6214,7504,SalesPerson1,BackToSchool
7,TV,Millenial,Mid Cap,41,6233,5735,6106,7298,SalesPerson5,BackToSchool
16,TV,B2B,High End,4,6214,5910,6214,7504,SalesPerson4,BackToSchool
20,Web,B2B,High End,7,6214,5910,6214,7504,SalesPerson7,
4,TV,College Student,High End,28,6210,5295,5634,6768,SalesPerson4,BackToSchool
19,Ad,B2B,High End,1,6200,5910,6214,7504,SalesPerson1,ThanksGiving
20,TV,B2B,High End,4,6199,5910,6214,7504,SalesPerson4,ThanksGiving
19,Web,B2B,High End,7,6182,5910,6214,7504,SalesPerson7,ThanksGiving
18,Web,B2B,High End,7,6155,5910,6214,7504,SalesPerson7,ThanksGiving
5,Ad,College Student,High End,25,6154,5295,5634,6768,SalesPerson1,BackToSchool
16,Radio,B2B,High End,10,6150,5910,6214,7504,SalesPerson10,ThanksGiving
10,Ad,Genz,High End,49,6142,5725,5984,7504,SalesPerson1,BackToSchool
15,Web,Senior,Mid Cap,68,6138,5249,5581,6686,SalesPerson8,BackToSchool
15,Web,Senior,High End,67,6137,5728,6152,7403,SalesPerson7,ThanksGiving
18,Ad,B2B,High End,1,6134,5910,6214,7504,SalesPerson1,ThanksGiving
8,Radio,Millenial,Mid Cap,47,6122,5735,6106,7298,SalesPerson11,BackToSchool
19,TV,B2B,High End,4,6120,5910,6214,7504,SalesPerson4,ThanksGiving
9,Ad,Millenial,Mid Cap,38,6119,5735,6106,7298,SalesPerson2,BackToSchool
20,Radio,B2B,High End,10,6111,5910,6214,7504,SalesPerson10,ThanksGiving
9,TV,Millenial,Mid Cap,41,6100,5735,6106,7298,SalesPerson5,ThanksGiving
17,Web,B2B,High End,7,6100,5910,6214,7504,SalesPerson7,ThanksGiving
6,TV,College Student,High End,28,6092,5295,5634,6768,SalesPerson4,BackToSchool
8,TV,Millenial,Mid Cap,41,6067,5735,6106,7298,SalesPerson5,ThanksGiving
8,Web,Millenial,Mid Cap,44,6064,5735,6106,7298,SalesPerson8,ThanksGiving
15,Web,Senior,High End,67,6062,5728,6152,7403,SalesPerson7,ThanksGiving
4,Ad,College Student,High End,25,6056,5295,5634,6768,SalesPerson1,BackToSchool
18,Radio,B2B,High End,10,6055,5910,6214,7504,SalesPerson10,ThanksGiving
10,Ad,Genz,High End,49,6047,5725,5984,7504,SalesPerson1,BackToSchool
4,Web,College Student,High End,31,6046,5295,5634,6768,SalesPerson7,BackToSchool
14,Web,Senior,Mid Cap,68,6037,5249,5581,6686,SalesPerson8,BackToSchool
13,Web,Senior,High End,67,6034,5728,6152,7403,SalesPerson7,ThanksGiving
8,Ad,Millenial,Mid Cap,38,6031,5735,6106,7298,SalesPerson2,ThanksGiving
16,Web,B2B,High End,7,6025,5910,6214,7504,SalesPerson7,ThanksGiving
4,TV,College Student,High End,28,6024,5295,5634,6768,SalesPerson4,FallSeason
7,Web,Millenial,Mid Cap,44,6013,5735,6106,7298,SalesPerson8,ThanksGiving
10,Ad,Genz,High End,49,6012,5725,5984,7504,SalesPerson1,BackToSchool
7,Radio,Millenial,Mid Cap,47,6012,5735,6106,7298,SalesPerson11,ThanksGiving
8,Radio,Millenial,Mid Cap,47,6004,5735,6106,7298,SalesPerson11,ThanksGiving
11,Radio,Genz,High End,58,6001,4643,4975,6058,SalesPerson10,FallSeason
17,Ad,B2B,High End,1,6000,5910,6214,7504,SalesPerson1,ThanksGiving
17,Radio,B2B,High End,10,6000,5910,6214,7504,SalesPerson10,ThanksGiving
18,TV,B2B,High End,4,6000,5910,6214,7504,SalesPerson4,ThanksGiving
17,TV,B2B,High End,4,5999,5910,6214,7504,SalesPerson4,ThanksGiving
20,Ad,B2B,High End,1,5999,5910,6214,7504,SalesPerson1,ThanksGiving
9,Radio,Millenial,Mid Cap,47,5990,5735,6106,7298,SalesPerson11,ThanksGiving
5,TV,College Student,High End,28,5987,5295,5634,6768,SalesPerson4,BackToSchool
7,Ad,Millenial,Mid Cap,38,5985,5735,6106,7298,SalesPerson2,ThanksGiving
7,TV,Millenial,Mid Cap,41,5985,5735,6106,7298,SalesPerson5,ThanksGiving
8,Ad,Millenial,Mid Cap,38,5980,5735,6106,7298,SalesPerson2,ThanksGiving
12,Radio,Genz,High End,58,5971,4643,4975,6058,SalesPerson10,FallSeason
13,TV,Senior,Mid Cap,65,5968,4767,5065,6021,SalesPerson5,FallSeason
9,Ad,Millenial,Mid Cap,38,5967,5735,6106,7298,SalesPerson2,ThanksGiving
19,Radio,B2B,High End,10,5958,5910,6214,7504,SalesPerson10,ThanksGiving
13,TV,Senior,Mid Cap,65,5957,4767,5065,6021,SalesPerson5,FallSeason
8,TV,Millenial,Mid Cap,41,5938,5735,6106,7298,SalesPerson5,ThanksGiving
9,Radio,Millenial,Mid Cap,47,5931,5735,6106,7298,SalesPerson11,ThanksGiving
10,Ad,Genz,High End,49,5929,5725,5984,7504,SalesPerson1,ThanksGiving
6,Ad,College Student,High End,25,5921,5295,5634,6768,SalesPerson1,BackToSchool
16,Ad,B2B,High End,1,5910,5910,6214,7504,SalesPerson1,ThanksGiving
16,TV,B2B,High End,4,5910,5910,6214,7504,SalesPerson4,ThanksGiving
11,Radio,Genz,High End,58,5893,4643,4975,6058,SalesPerson10,FallSeason
11,Ad,Genz,High End,49,5890,5725,5984,7504,SalesPerson1,ThanksGiving
11,Ad,Genz,High End,49,5889,5725,5984,7504,SalesPerson1,ThanksGiving
14,Web,Senior,High End,67,5889,5728,6152,7403,SalesPerson7,ThanksGiving
6,Radio,College Student,High End,34,5884,5295,5634,6768,SalesPerson10,BackToSchool
9,Ad,Millenial,Mid Cap,38,5872,5735,6106,7298,SalesPerson2,ThanksGiving
12,Ad,Genz,High End,49,5868,5725,5984,7504,SalesPerson1,ThanksGiving
8,Radio,Millenial,Mid Cap,47,5853,5735,6106,7298,SalesPerson11,ThanksGiving
9,Web,Millenial,Mid Cap,44,5844,5735,6106,7298,SalesPerson8,ThanksGiving
9,Web,Millenial,Mid Cap,44,5836,5735,6106,7298,SalesPerson8,ThanksGiving
9,TV,Millenial,Mid Cap,41,5823,5735,6106,7298,SalesPerson5,ThanksGiving
5,Ad,College Student,High End,25,5803,5295,5634,6768,SalesPerson1,BackToSchool
8,Web,Millenial,Mid Cap,44,5792,5735,6106,7298,SalesPerson8,ThanksGiving
15,TV,Senior,Mid Cap,65,5782,4767,5065,6021,SalesPerson5,FallSeason
14,Ad,Senior,Mid Cap,62,5775,4484,4841,5906,SalesPerson2,FallSeason
6,Radio,College Student,High End,34,5773,5295,5634,6768,SalesPerson10,BackToSchool
12,Ad,Genz,High End,49,5766,5725,5984,7504,SalesPerson1,ThanksGiving
5,Web,College Student,High End,31,5765,5295,5634,6768,SalesPerson7,BackToSchool
14,Web,Senior,Mid Cap,68,5759,5249,5581,6686,SalesPerson8,BackToSchool
10,Radio,Genz,High End,58,5752,4643,4975,6058,SalesPerson10,FallSeason
14,Web,Senior,High End,67,5751,5728,6152,7403,SalesPerson7,ThanksGiving
14,TV,Senior,Mid Cap,65,5739,4767,5065,6021,SalesPerson5,FallSeason
15,Ad,Senior,Mid Cap,62,5735,4484,4841,5906,SalesPerson2,FallSeason
6,TV,College Student,High End,28,5712,5295,5634,6768,SalesPerson4,FallSeason
4,Web,College Student,High End,31,5707,5295,5634,6768,SalesPerson7,BackToSchool
4,Web,College Student,High End,31,5706,5295,5634,6768,SalesPerson7,BackToSchool
13,Ad,Senior,Mid Cap,62,5698,4484,4841,5906,SalesPerson2,FallSeason
4,Ad,College Student,High End,25,5690,5295,5634,6768,SalesPerson1,BackToSchool
12,Web,Genz,Mid Cap,56,5684,4561,4862,5738,SalesPerson8,FallSeason
11,Web,Genz,Mid Cap,56,5680,4561,4862,5738,SalesPerson8,FallSeason
13,TV,Senior,Mid Cap,65,5678,4767,5065,6021,SalesPerson5,FallSeason
4,TV,College Student,High End,28,5678,5295,5634,6768,SalesPerson4,BackToSchool
5,Web,College Student,High End,31,5651,5295,5634,6768,SalesPerson7,BackToSchool
13,Web,Senior,Mid Cap,68,5648,5249,5581,6686,SalesPerson8,BackToSchool
15,TV,Senior,Mid Cap,65,5642,4767,5065,6021,SalesPerson5,BackToSchool
13,Web,Senior,Mid Cap,68,5642,5249,5581,6686,SalesPerson8,BackToSchool
5,Radio,College Student,High End,34,5632,5295,5634,6768,SalesPerson10,ThanksGiving
14,TV,Senior,Mid Cap,65,5628,4767,5065,6021,SalesPerson5,BackToSchool
15,TV,Senior,Mid Cap,65,5628,4767,5065,6021,SalesPerson5,BackToSchool
6,Ad,College Student,High End,25,5618,5295,5634,6768,SalesPerson1,ThanksGiving
13,TV,Senior,Mid Cap,65,5607,4767,5065,6021,SalesPerson5,BackToSchool
5,Radio,College Student,High End,34,5599,5295,5634,6768,SalesPerson10,ThanksGiving
11,Web,Genz,Mid Cap,56,5596,4561,4862,5738,SalesPerson8,FallSeason
5,Ad,College Student,High End,25,5590,5295,5634,6768,SalesPerson1,ThanksGiving
6,TV,College Student,High End,28,5580,5295,5634,6768,SalesPerson4,ThanksGiving
5,Web,College Student,High End,31,5574,5295,5634,6768,SalesPerson7,ThanksGiving
15,Ad,Senior,Mid Cap,62,5571,4484,4841,5906,SalesPerson2,FallSeason
11,Radio,Genz,High End,58,5564,4643,4975,6058,SalesPerson10,FallSeason
13,Ad,Senior,Mid Cap,62,5558,4484,4841,5906,SalesPerson2,FallSeason
4,Radio,College Student,High End,34,5558,5295,5634,6768,SalesPerson10,ThanksGiving
14,TV,Senior,Mid Cap,65,5555,4767,5065,6021,SalesPerson5,BackToSchool
4,Web,College Student,High End,31,5554,5295,5634,6768,SalesPerson7,ThanksGiving
6,Web,College Student,High End,31,5540,5295,5634,6768,SalesPerson7,ThanksGiving
6,TV,College Student,High End,28,5536,5295,5634,6768,SalesPerson4,ThanksGiving
4,Ad,College Student,High End,25,5523,5295,5634,6768,SalesPerson1,ThanksGiving
15,Web,Senior,Mid Cap,68,5517,5249,5581,6686,SalesPerson8,ThanksGiving
10,Radio,Genz,High End,58,5505,4643,4975,6058,SalesPerson10,BackToSchool
6,Radio,College Student,High End,34,5448,5295,5634,6768,SalesPerson10,ThanksGiving
14,Ad,Senior,Mid Cap,62,5443,4484,4841,5906,SalesPerson2,BackToSchool
6,Ad,College Student,High End,25,5442,5295,5634,6768,SalesPerson1,ThanksGiving
10,Web,Genz,Mid Cap,56,5432,4561,4862,5738,SalesPerson8,FallSeason
15,Web,Senior,Mid Cap,68,5423,5249,5581,6686,SalesPerson8,ThanksGiving
5,TV,College Student,High End,28,5412,5295,5634,6768,SalesPerson4,ThanksGiving
15,Ad,Senior,Mid Cap,62,5406,4484,4841,5906,SalesPerson2,BackToSchool
10,Web,Genz,Mid Cap,56,5392,4561,4862,5738,SalesPerson8,FallSeason
6,Web,College Student,High End,31,5372,5295,5634,6768,SalesPerson7,ThanksGiving
4,TV,College Student,High End,28,5367,5295,5634,6768,SalesPerson4,ThanksGiving
5,Web,College Student,High End,31,5361,5295,5634,6768,SalesPerson7,ThanksGiving
13,Web,Senior,Mid Cap,68,5355,5249,5581,6686,SalesPerson8,ThanksGiving
6,Radio,College Student,High End,34,5332,5295,5634,6768,SalesPerson10,ThanksGiving
1,Ad,Teen,High End,13,5325,4067,4334,5070,SalesPerson1,FallSeason
5,Ad,College Student,High End,25,5310,5295,5634,6768,SalesPerson1,ThanksGiving
14,Web,Senior,Mid Cap,68,5305,5249,5581,6686,SalesPerson8,ThanksGiving
5,TV,College Student,High End,28,5299,5295,5634,6768,SalesPerson4,ThanksGiving
14,Web,Senior,Mid Cap,68,5294,5249,5581,6686,SalesPerson8,ThanksGiving
10,Ad,Genz,Low End,51,5248,4333,4570,5351,SalesPerson3,FallSeason
11,Ad,Genz,Low End,51,5244,4333,4570,5351,SalesPerson3,FallSeason
10,Radio,Genz,High End,58,5239,4643,4975,6058,SalesPerson10,BackToSchool
3,Ad,Teen,High End,13,5220,4067,4334,5070,SalesPerson1,FallSeason
10,Web,Genz,Mid Cap,56,5210,4561,4862,5738,SalesPerson8,BackToSchool
12,Radio,Genz,High End,58,5202,4643,4975,6058,SalesPerson10,BackToSchool
11,Web,Genz,Mid Cap,56,5190,4561,4862,5738,SalesPerson8,BackToSchool
19,Radio,B2B,Low End,12,5187,4134,4402,5175,SalesPerson12,FallSeason
13,Ad,Senior,Mid Cap,62,5181,4484,4841,5906,SalesPerson2,BackToSchool
20,Ad,B2B,Low End,3,5175,4134,4402,5175,SalesPerson3,
20,TV,B2B,Low End,6,5175,4134,4402,5175,SalesPerson6,
20,Web,B2B,Low End,9,5175,4134,4402,5175,SalesPerson9,
20,Radio,B2B,Low End,12,5175,4134,4402,5175,SalesPerson12,
10,Ad,Genz,Low End,51,5174,4333,4570,5351,SalesPerson3,FallSeason
19,TV,B2B,Low End,6,5150,4134,4402,5175,SalesPerson6,FallSeason
19,Web,B2B,Low End,9,5133,4134,4402,5175,SalesPerson9,FallSeason
12,Web,Genz,Mid Cap,56,5130,4561,4862,5738,SalesPerson8,BackToSchool
2,Ad,Teen,High End,13,5115,4067,4334,5070,SalesPerson1,FallSeason
18,Web,B2B,Low End,9,5110,4134,4402,5175,SalesPerson9,FallSeason
18,TV,B2B,Low End,6,5102,4134,4402,5175,SalesPerson6,FallSeason
18,Radio,B2B,Low End,12,5100,4134,4402,5175,SalesPerson12,FallSeason
12,Web,Genz,Mid Cap,56,5094,4561,4862,5738,SalesPerson8,BackToSchool
12,Radio,Genz,High End,58,5071,4643,4975,6058,SalesPerson10,BackToSchool
1,Radio,Teen,High End,22,5070,4067,4334,5070,SalesPerson10,
10,Radio,Genz,High End,58,5062,4643,4975,6058,SalesPerson10,BackToSchool
11,Ad,Genz,Low End,51,5059,4333,4570,5351,SalesPerson3,FallSeason
10,Web,Genz,Mid Cap,56,5055,4561,4862,5738,SalesPerson8,BackToSchool
3,Radio,Teen,High End,22,5050,4067,4334,5070,SalesPerson10,FallSeason
12,Ad,Genz,Low End,51,5041,4333,4570,5351,SalesPerson3,FallSeason
13,TV,Senior,High End,64,5027,4005,4341,5207,SalesPerson4,FallSeason
17,Web,B2B,Low End,9,5023,4134,4402,5175,SalesPerson9,FallSeason
17,Radio,B2B,Low End,12,5012,4134,4402,5175,SalesPerson12,FallSeason
1,Ad,Teen,High End,13,5010,4067,4334,5070,SalesPerson1,FallSeason
17,TV,B2B,Low End,6,5010,4134,4402,5175,SalesPerson6,FallSeason
19,Ad,B2B,Low End,3,5000,4134,4402,5175,SalesPerson3,FallSeason
1,TV,Teen,High End,16,4992,4067,4334,5070,SalesPerson4,FallSeason
2,Radio,Teen,High End,22,4991,4067,4334,5070,SalesPerson10,FallSeason
11,Ad,Genz,Low End,51,4990,4333,4570,5351,SalesPerson3,BackToSchool
1,Web,Teen,High End,19,4984,4067,4334,5070,SalesPerson7,FallSeason
11,TV,Genz,High End,52,4983,3965,4271,5007,SalesPerson4,FallSeason
10,TV,Genz,High End,52,4963,3965,4271,5007,SalesPerson4,FallSeason
16,Web,B2B,Low End,9,4956,4134,4402,5175,SalesPerson9,FallSeason
4,TV,College Student,Mid Cap,29,4950,3698,3966,4771,SalesPerson5,FallSeason
1,Radio,Teen,High End,22,4945,4067,4334,5070,SalesPerson10,FallSeason
14,TV,Senior,High End,64,4940,4005,4341,5207,SalesPerson4,FallSeason
12,Ad,Genz,Low End,51,4937,4333,4570,5351,SalesPerson3,BackToSchool
16,TV,B2B,Low End,6,4932,4134,4402,5175,SalesPerson6,FallSeason
3,TV,Teen,High End,16,4925,4067,4334,5070,SalesPerson4,FallSeason
16,Radio,B2B,Low End,12,4925,4134,4402,5175,SalesPerson12,FallSeason
15,TV,Senior,Mid Cap,65,4924,4767,5065,6021,SalesPerson5,ThanksGiving
3,Web,Teen,High End,19,4918,4067,4334,5070,SalesPerson7,FallSeason
3,Ad,Teen,High End,13,4905,4067,4334,5070,SalesPerson1,FallSeason
10,TV,Genz,High End,52,4904,3965,4271,5007,SalesPerson4,FallSeason
15,TV,Senior,High End,64,4904,4005,4341,5207,SalesPerson4,FallSeason
16,Ad,B2B,Low End,3,4900,4134,4402,5175,SalesPerson3,FallSeason
10,Ad,Genz,Low End,51,4899,4333,4570,5351,SalesPerson3,BackToSchool
20,Ad,B2B,Low End,3,4892,4134,4402,5175,SalesPerson3,BackToSchool
20,Web,B2B,Low End,9,4890,4134,4402,5175,SalesPerson9,BackToSchool
13,Ad,Senior,Mid Cap,62,4882,4484,4841,5906,SalesPerson2,BackToSchool
11,Radio,Genz,High End,58,4881,4643,4975,6058,SalesPerson10,ThanksGiving
14,Ad,Senior,Mid Cap,62,4873,4484,4841,5906,SalesPerson2,BackToSchool
12,Radio,Genz,High End,58,4864,4643,4975,6058,SalesPerson10,ThanksGiving
14,TV,Senior,Mid Cap,65,4862,4767,5065,6021,SalesPerson5,ThanksGiving
2,TV,Teen,High End,16,4858,4067,4334,5070,SalesPerson4,FallSeason
20,TV,B2B,Low End,6,4856,4134,4402,5175,SalesPerson6,BackToSchool
15,TV,Senior,Mid Cap,65,4853,4767,5065,6021,SalesPerson5,ThanksGiving
2,Web,Teen,High End,19,4852,4067,4334,5070,SalesPerson7,FallSeason
6,TV,College Student,Mid Cap,29,4850,3698,3966,4771,SalesPerson5,FallSeason
17,Ad,B2B,Low End,3,4844,4134,4402,5175,SalesPerson3,FallSeason
20,Radio,B2B,Low End,12,4837,4134,4402,5175,SalesPerson12,BackToSchool
13,TV,Senior,Mid Cap,65,4833,4767,5065,6021,SalesPerson5,ThanksGiving
14,TV,Senior,Mid Cap,65,4831,4767,5065,6021,SalesPerson5,ThanksGiving
3,Radio,Teen,High End,22,4823,4067,4334,5070,SalesPerson10,FallSeason
15,Ad,Senior,Mid Cap,62,4802,4484,4841,5906,SalesPerson2,ThanksGiving
12,Radio,Genz,High End,58,4801,4643,4975,6058,SalesPerson10,ThanksGiving
2,Ad,Teen,High End,13,4800,4067,4334,5070,SalesPerson1,BackToSchool
1,TV,Teen,High End,16,4791,4067,4334,5070,SalesPerson4,FallSeason
19,Web,B2B,Low End,9,4789,4134,4402,5175,SalesPerson9,BackToSchool
1,Web,Teen,High End,19,4786,4067,4334,5070,SalesPerson7,FallSeason
19,TV,B2B,Low End,6,4785,4134,4402,5175,SalesPerson6,BackToSchool
4,Ad,College Student,Mid Cap,26,4771,3698,3966,4771,SalesPerson2,
12,TV,Genz,High End,52,4771,3965,4271,5007,SalesPerson4,FallSeason
13,TV,Senior,High End,64,4768,4005,4341,5207,SalesPerson4,FallSeason
2,Radio,Teen,High End,22,4758,4067,4334,5070,SalesPerson10,BackToSchool
14,Ad,Senior,Mid Cap,62,4757,4484,4841,5906,SalesPerson2,ThanksGiving
6,Ad,College Student,Mid Cap,26,4755,3698,3966,4771,SalesPerson2,FallSeason
12,Web,Genz,Mid Cap,56,4755,4561,4862,5738,SalesPerson8,ThanksGiving
5,TV,College Student,Mid Cap,29,4750,3698,3966,4771,SalesPerson5,FallSeason
19,Radio,B2B,Low End,12,4750,4134,4402,5175,SalesPerson12,BackToSchool
11,Radio,Genz,High End,58,4747,4643,4975,6058,SalesPerson10,ThanksGiving
12,Web,Genz,Mid Cap,56,4739,4561,4862,5738,SalesPerson8,ThanksGiving
13,TV,Senior,High End,64,4732,4005,4341,5207,SalesPerson4,FallSeason
15,Ad,Senior,Mid Cap,62,4727,4484,4841,5906,SalesPerson2,ThanksGiving
3,TV,Teen,High End,16,4724,4067,4334,5070,SalesPerson4,FallSeason
19,Ad,B2B,Low End,3,4723,4134,4402,5175,SalesPerson3,BackToSchool
3,Web,Teen,High End,19,4720,4067,4334,5070,SalesPerson7,FallSeason
5,Ad,College Student,Mid Cap,26,4701,3698,3966,4771,SalesPerson2,FallSeason
12,Ad,Genz,Low End,51,4701,4333,4570,5351,SalesPerson3,BackToSchool
1,Ad,Teen,High End,13,4695,4067,4334,5070,SalesPerson1,BackToSchool
18,Ad,B2B,Low End,3,4689,4134,4402,5175,SalesPerson3,BackToSchool
18,TV,B2B,Low End,6,4689,4134,4402,5175,SalesPerson6,BackToSchool
4,Radio,College Student,Mid Cap,35,4687,3698,3966,4771,SalesPerson11,FallSeason
11,Web,Genz,Mid Cap,56,4683,4561,4862,5738,SalesPerson8,ThanksGiving
10,TV,Genz,High End,52,4678,3965,4271,5007,SalesPerson4,FallSeason
18,Web,B2B,Low End,9,4678,4134,4402,5175,SalesPerson9,BackToSchool
18,Radio,B2B,Low End,12,4662,4134,4402,5175,SalesPerson12,BackToSchool
12,TV,Genz,High End,52,4661,3965,4271,5007,SalesPerson4,BackToSchool
10,Radio,Genz,High End,58,4659,4643,4975,6058,SalesPerson10,ThanksGiving
2,TV,Teen,High End,16,4657,4067,4334,5070,SalesPerson4,BackToSchool
2,Web,Teen,High End,19,4654,4067,4334,5070,SalesPerson7,BackToSchool
4,TV,College Student,Mid Cap,29,4650,3698,3966,4771,SalesPerson5,FallSeason
10,Web,Genz,Mid Cap,56,4648,4561,4862,5738,SalesPerson8,ThanksGiving
14,TV,Senior,High End,64,4646,4005,4341,5207,SalesPerson4,BackToSchool
1,Radio,Teen,High End,22,4637,4067,4334,5070,SalesPerson10,BackToSchool
4,Ad,College Student,Mid Cap,26,4632,3698,3966,4771,SalesPerson2,FallSeason
15,TV,Senior,High End,64,4632,4005,4341,5207,SalesPerson4,BackToSchool
10,Ad,Genz,Low End,51,4607,4333,4570,5351,SalesPerson3,BackToSchool
13,Ad,Senior,Mid Cap,62,4597,4484,4841,5906,SalesPerson2,ThanksGiving
6,Radio,College Student,Mid Cap,35,4596,3698,3966,4771,SalesPerson11,FallSeason
11,Web,Genz,Mid Cap,56,4592,4561,4862,5738,SalesPerson8,ThanksGiving
3,Ad,Teen,High End,13,4590,4067,4334,5070,SalesPerson1,BackToSchool
1,TV,Teen,High End,16,4590,4067,4334,5070,SalesPerson4,BackToSchool
18,Ad,B2B,Low End,3,4590,4134,4402,5175,SalesPerson3,FallSeason
1,Web,Teen,High End,19,4588,4067,4334,5070,SalesPerson7,BackToSchool
14,Ad,Senior,Mid Cap,62,4581,4484,4841,5906,SalesPerson2,ThanksGiving
17,TV,B2B,Low End,6,4578,4134,4402,5175,SalesPerson6,BackToSchool
17,Radio,B2B,Low End,12,4575,4134,4402,5175,SalesPerson12,BackToSchool
6,Ad,College Student,Mid Cap,26,4574,3698,3966,4771,SalesPerson2,FallSeason
17,Ad,B2B,Low End,3,4565,4134,4402,5175,SalesPerson3,BackToSchool
4,Radio,College Student,Mid Cap,35,4561,3698,3966,4771,SalesPerson11,FallSeason
6,Radio,College Student,Mid Cap,35,4560,3698,3966,4771,SalesPerson11,FallSeason
13,TV,Senior,High End,64,4558,4005,4341,5207,SalesPerson4,BackToSchool
5,Radio,College Student,Mid Cap,35,4557,3698,3966,4771,SalesPerson11,FallSeason
17,Web,B2B,Low End,9,4556,4134,4402,5175,SalesPerson9,BackToSchool
6,TV,College Student,Mid Cap,29,4550,3698,3966,4771,SalesPerson5,FallSeason
12,TV,Genz,High End,52,4545,3965,4271,5007,SalesPerson4,BackToSchool
12,Ad,Genz,Low End,51,4544,4333,4570,5351,SalesPerson3,ThanksGiving
3,TV,Teen,High End,16,4523,4067,4334,5070,SalesPerson4,BackToSchool
3,Web,Teen,High End,19,4522,4067,4334,5070,SalesPerson7,BackToSchool
6,Web,College Student,Mid Cap,32,4521,3698,3966,4771,SalesPerson8,FallSeason
10,Ad,Genz,Low End,51,4518,4333,4570,5351,SalesPerson3,ThanksGiving
3,Radio,Teen,High End,22,4512,4067,4334,5070,SalesPerson10,BackToSchool
15,Radio,Senior,High End,70,4508,3571,3840,4588,SalesPerson10,FallSeason
10,TV,Genz,High End,52,4508,3965,4271,5007,SalesPerson4,BackToSchool
2,Ad,Teen,High End,13,4485,4067,4334,5070,SalesPerson1,BackToSchool
16,Radio,B2B,Low End,12,4480,4134,4402,5175,SalesPerson12,BackToSchool
15,TV,Senior,Low End,66,4476,3528,3796,4551,SalesPerson6,FallSeason
5,Ad,College Student,Mid Cap,26,4467,3698,3966,4771,SalesPerson2,BackToSchool
2,TV,Teen,High End,16,4456,4067,4334,5070,SalesPerson4,BackToSchool
2,Web,Teen,High End,19,4456,4067,4334,5070,SalesPerson7,BackToSchool
2,Radio,Teen,High End,22,4456,4067,4334,5070,SalesPerson10,BackToSchool
5,Web,College Student,Mid Cap,32,4452,3698,3966,4771,SalesPerson8,FallSeason
5,TV,College Student,Mid Cap,29,4450,3698,3966,4771,SalesPerson5,backToSchool
14,TV,Senior,Low End,66,4440,3528,3796,4551,SalesPerson6,FallSeason
14,Radio,Senior,High End,70,4433,3571,3840,4588,SalesPerson10,FallSeason
13,TV,Senior,Low End,66,4426,3528,3796,4551,SalesPerson6,FallSeason
14,Radio,Senior,High End,70,4424,3571,3840,4588,SalesPerson10,FallSeason
16,Web,B2B,Low End,9,4420,4134,4402,5175,SalesPerson9,BackToSchool
11,Ad,Genz,Low End,51,4418,4333,4570,5351,SalesPerson3,ThanksGiving
5,Web,College Student,Mid Cap,32,4416,3698,3966,4771,SalesPerson8,FallSeason
15,TV,Senior,Low End,66,4413,3528,3796,4551,SalesPerson6,FallSeason
15,TV,Senior,High End,64,4410,4005,4341,5207,SalesPerson4,BackToSchool
11,TV,Genz,High End,52,4402,3965,4271,5007,SalesPerson4,BackToSchool
16,Ad,B2B,Low End,3,4402,4134,4402,5175,SalesPerson3,BackToSchool
16,TV,B2B,Low End,6,4402,4134,4402,5175,SalesPerson6,BackToSchool
20,Web,B2B,Low End,9,4402,4134,4402,5175,SalesPerson9,
11,Ad,Genz,Low End,51,4402,4333,4570,5351,SalesPerson3,ThanksGiving
19,Ad,B2B,Low End,3,4400,4134,4402,5175,SalesPerson3,ThanksGiving
14,TV,Senior,High End,64,4396,4005,4341,5207,SalesPerson4,BackToSchool
18,Ad,B2B,Low End,3,4391,4134,4402,5175,SalesPerson3,ThanksGiving
1,Web,Teen,High End,19,4390,4067,4334,5070,SalesPerson7,BackToSchool
1,Radio,Teen,High End,22,4390,4067,4334,5070,SalesPerson10,BackToSchool
20,TV,B2B,Low End,6,4390,4134,4402,5175,SalesPerson6,ThanksGiving
1,TV,Teen,High End,16,4389,4067,4334,5070,SalesPerson4,BackToSchool
3,TV,Teen,High End,16,4389,4067,4334,5070,SalesPerson4,ThanksGiving
1,Ad,Teen,High End,13,4380,4067,4334,5070,SalesPerson1,BackToSchool
19,Web,B2B,Low End,9,4376,4134,4402,5175,SalesPerson9,ThanksGiving
20,Radio,B2B,Low End,12,4367,4134,4402,5175,SalesPerson12,ThanksGiving
14,Radio,Senior,High End,70,4361,3571,3840,4588,SalesPerson10,FallSeason
13,Radio,Senior,High End,70,4358,3571,3840,4588,SalesPerson10,FallSeason
19,TV,B2B,Low End,6,4355,4134,4402,5175,SalesPerson6,ThanksGiving
4,Ad,College Student,Mid Cap,26,4352,3698,3966,4771,SalesPerson2,BackToSchool
12,Ad,Genz,Low End,51,4351,4333,4570,5351,SalesPerson3,ThanksGiving
4,TV,College Student,Mid Cap,29,4350,3698,3966,4771,SalesPerson5,BackToSchool
18,Radio,B2B,Low End,12,4348,4134,4402,5175,SalesPerson12,ThanksGiving
14,TV,Senior,High End,64,4339,4005,4341,5207,SalesPerson4,ThanksGiving
3,Web,Teen,High End,19,4334,4067,4334,5070,SalesPerson7,
3,Radio,Teen,High End,22,4334,4067,4334,5070,SalesPerson10,ThanksGiving
2,TV,Teen,High End,16,4323,4067,4334,5070,SalesPerson4,ThanksGiving
4,Radio,College Student,Mid Cap,35,4321,3698,3966,4771,SalesPerson11,BackToSchool
2,Web,Teen,High End,19,4321,4067,4334,5070,SalesPerson7,ThanksGiving
4,Radio,College Student,Mid Cap,35,4316,3698,3966,4771,SalesPerson11,BackToSchool
18,Web,B2B,Low End,9,4311,4134,4402,5175,SalesPerson9,ThanksGiving
5,Radio,College Student,Mid Cap,35,4309,3698,3966,4771,SalesPerson11,BackToSchool
18,TV,B2B,Low End,6,4301,4134,4402,5175,SalesPerson6,ThanksGiving
1,Ad,Teen,High End,13,4300,4067,4334,5070,SalesPerson1,ThanksGiving
14,TV,Senior,High End,64,4290,4005,4341,5207,SalesPerson4,ThanksGiving
15,TV,Senior,High End,64,4290,4005,4341,5207,SalesPerson4,ThanksGiving
2,Radio,Teen,High End,22,4288,4067,4334,5070,SalesPerson10,ThanksGiving
17,Ad,B2B,Low End,3,4288,4134,4402,5175,SalesPerson3,ThanksGiving
10,TV,Genz,Mid Cap,53,4284,3356,3642,4297,SalesPerson5,FallSeason
18,Radio,B2B,Low End,12,4283,4134,4402,5175,SalesPerson12,ThanksGiving
9,Ad,Millenial,Low End,39,4276,3296,3574,4300,SalesPerson3,FallSeason
11,TV,Genz,High End,52,4272,3965,4271,5007,SalesPerson4,backToSchool
12,TV,Genz,Mid Cap,53,4271,3356,3642,4297,SalesPerson5,FallSeason
5,Web,College Student,Mid Cap,32,4267,3698,3966,4771,SalesPerson8,FallSeason
7,Radio,Millenial,Low End,48,4266,3296,3574,4300,SalesPerson12,FallSeason
13,Radio,Senior,High End,70,4262,3571,3840,4588,SalesPerson10,BackToSchool
13,TV,Senior,Low End,66,4256,3528,3796,4551,SalesPerson6,FallSeason
1,TV,Teen,High End,16,4256,4067,4334,5070,SalesPerson4,ThanksGiving
1,Web,Teen,High End,19,4255,4067,4334,5070,SalesPerson7,ThanksGiving
9,TV,Millenial,Low End,42,4252,3296,3574,4300,SalesPerson6,FallSeason
8,Web,Millenial,Low End,45,4250,3296,3574,4300,SalesPerson9,FallSeason
6,TV,College Student,Mid Cap,29,4250,3698,3966,4771,SalesPerson5,BackToSchool
8,Ad,Millenial,Low End,39,4235,3296,3574,4300,SalesPerson3,FallSeason
7,Web,Millenial,Low End,45,4234,3296,3574,4300,SalesPerson9,FallSeason
17,Web,B2B,Low End,9,4233,4134,4402,5175,SalesPerson9,ThanksGiving
3,Ad,Teen,High End,13,4232,4067,4334,5070,SalesPerson1,ThanksGiving
4,Web,College Student,Mid Cap,32,4221,3698,3966,4771,SalesPerson8,FallSeason
1,Radio,Teen,High End,22,4221,4067,4334,5070,SalesPerson10,ThanksGiving
12,TV,Genz,High End,52,4217,3965,4271,5007,SalesPerson4,ThanksGiving
6,Ad,College Student,Mid Cap,26,4215,3698,3966,4771,SalesPerson2,BackToSchool
19,Radio,B2B,Low End,12,4215,4134,4402,5175,SalesPerson12,ThanksGiving
13,TV,Senior,Low End,66,4213,3528,3796,4551,SalesPerson6,BackToSchool
15,TV,Senior,Low End,66,4205,3528,3796,4551,SalesPerson6,BackToSchool
13,Radio,Senior,High End,70,4205,3571,3840,4588,SalesPerson10,BackToSchool
17,Radio,B2B,Low End,12,4200,4134,4402,5175,SalesPerson12,ThanksGiving
17,TV,B2B,Low End,6,4200,4134,4402,5175,SalesPerson6,ThanksGiving
13,TV,Senior,High End,64,4196,4005,4341,5207,SalesPerson4,ThanksGiving
11,TV,Genz,Mid Cap,53,4194,3356,3642,4297,SalesPerson5,FallSeason
3,TV,Teen,High End,16,4189,4067,4334,5070,SalesPerson4,ThanksGiving
3,Web,Teen,High End,19,4189,4067,4334,5070,SalesPerson7,ThanksGiving
20,Ad,B2B,Low End,3,4177,4134,4402,5175,SalesPerson3,ThanksGiving
2,Ad,Teen,High End,13,4176,4067,4334,5070,SalesPerson1,ThanksGiving
9,TV,Millenial,Low End,42,4174,3296,3574,4300,SalesPerson6,FallSeason
3,Radio,Teen,High End,22,4166,4067,4334,5070,SalesPerson10,ThanksGiving
7,Ad,Millenial,Low End,39,4160,3296,3574,4300,SalesPerson3,FallSeason
4,Web,College Student,Mid Cap,32,4159,3698,3966,4771,SalesPerson8,BackToSchool
5,Ad,College Student,Mid Cap,26,4158,3698,3966,4771,SalesPerson2,BackToSchool
10,Radio,Genz,Mid Cap,59,4154,3210,3464,4192,SalesPerson11,FallSeason
12,TV,Genz,Mid Cap,53,4152,3356,3642,4297,SalesPerson5,FallSeason
5,TV,College Student,Mid Cap,29,4150,3698,3966,4771,SalesPerson5,BackToSchool
16,Web,B2B,Low End,9,4150,4134,4402,5175,SalesPerson9,ThanksGiving
9,Web,Millenial,Low End,45,4147,3296,3574,4300,SalesPerson9,FallSeason
2,Ad,Teen,High End,13,4145,4067,4334,5070,SalesPerson1,ThanksGiving
8,Ad,Millenial,Low End,39,4142,3296,3574,4300,SalesPerson3,FallSeason
16,Ad,B2B,Low End,3,4134,4134,4402,5175,SalesPerson3,ThanksGiving
16,TV,B2B,Low End,6,4134,4134,4402,5175,SalesPerson6,ThanksGiving
10,TV,Genz,High End,52,4133,3965,4271,5007,SalesPerson4,ThanksGiving
4,Web,College Student,Mid Cap,32,4128,3698,3966,4771,SalesPerson8,BackToSchool
15,Radio,Senior,High End,70,4127,3571,3840,4588,SalesPerson10,BackToSchool
2,TV,Teen,High End,16,4123,4067,4334,5070,SalesPerson4,ThanksGiving
2,Web,Teen,High End,19,4123,4067,4334,5070,SalesPerson7,ThanksGiving
11,Radio,Genz,Mid Cap,59,4120,3210,3464,4192,SalesPerson11,FallSeason
4,Web,College Student,Mid Cap,32,4120,3698,3966,4771,SalesPerson8,BackToSchool
8,Radio,Millenial,Low End,48,4111,3296,3574,4300,SalesPerson12,FallSeason
2,Radio,Teen,High End,22,4099,4067,4334,5070,SalesPerson10,ThanksGiving
9,Radio,Millenial,Low End,48,4092,3296,3574,4300,SalesPerson12,FallSeason
3,Ad,Teen,High End,13,4090,4067,4334,5070,SalesPerson1,ThanksGiving
13,TV,Senior,Low End,66,4088,3528,3796,4551,SalesPerson6,BackToSchool
12,Radio,Genz,Mid Cap,59,4086,3210,3464,4192,SalesPerson11,FallSeason
8,TV,Millenial,Low End,42,4082,3296,3574,4300,SalesPerson6,FallSeason
15,TV,Senior,High End,64,4075,4005,4341,5207,SalesPerson4,ThanksGiving
14,TV,Senior,Low End,66,4074,3528,3796,4551,SalesPerson6,BackToSchool
8,Radio,Millenial,Low End,48,4069,3296,3574,4300,SalesPerson12,FallSeason
11,TV,Genz,High End,52,4066,3965,4271,5007,SalesPerson4,ThanksGiving
11,TV,Genz,High End,52,4060,3965,4271,5007,SalesPerson4,ThanksGiving
6,Radio,College Student,Mid Cap,35,4055,3698,3966,4771,SalesPerson11,BackToSchool
9,Ad,Millenial,Low End,39,4053,3296,3574,4300,SalesPerson3,FallSeason
15,Radio,Senior,High End,70,4052,3571,3840,4588,SalesPerson10,BackToSchool
6,Web,College Student,Mid Cap,32,4052,3698,3966,4771,SalesPerson8,BackToSchool
4,TV,College Student,Mid Cap,29,4050,3698,3966,4771,SalesPerson5,BackToSchool
6,Web,College Student,Mid Cap,32,4033,3698,3966,4771,SalesPerson8,BackToSchool
12,TV,Genz,High End,52,4032,3965,4271,5007,SalesPerson4,ThanksGiving
4,Ad,College Student,Mid Cap,26,4023,3698,3966,4771,SalesPerson2,BackToSchool
8,Web,Millenial,Low End,45,4020,3296,3574,4300,SalesPerson9,FallSeason
11,Radio,Genz,Mid Cap,59,4011,3210,3464,4192,SalesPerson11,FallSeason
9,Web,Millenial,Low End,45,4009,3296,3574,4300,SalesPerson9,FallSeason
10,Web,Genz,Low End,57,4006,3015,3296,4059,SalesPerson9,FallSeason
5,Radio,College Student,Mid Cap,35,4003,3698,3966,4771,SalesPerson11,backToSchool
13,Radio,Senior,Mid Cap,71,4000,3206,3450,4029,SalesPerson11,FallSeason
7,Ad,Millenial,Low End,39,3992,3296,3574,4300,SalesPerson3,BackToSchool
13,Web,Senior,Low End,69,3985,2875,3134,4021,SalesPerson9,FallSeason
12,Web,Genz,Low End,57,3984,3015,3296,4059,SalesPerson9,FallSeason
12,TV,Genz,Mid Cap,53,3982,3356,3642,4297,SalesPerson5,FallSeason
10,TV,Genz,Mid Cap,53,3982,3356,3642,4297,SalesPerson5,BackToSchool
10,Radio,Genz,Mid Cap,59,3980,3210,3464,4192,SalesPerson11,FallSeason
9,TV,Millenial,Low End,42,3965,3296,3574,4300,SalesPerson6,FallSeason
4,Web,College Student,Mid Cap,32,3964,3698,3966,4771,SalesPerson8,ThanksGiving
6,Ad,College Student,Mid Cap,26,3960,3698,3966,4771,SalesPerson2,ThanksGiving
6,TV,College Student,Mid Cap,29,3960,3698,3966,4771,SalesPerson5,ThanksGiving
10,TV,Genz,Mid Cap,53,3927,3356,3642,4297,SalesPerson5,BackToSchool
5,Ad,College Student,Mid Cap,26,3927,3698,3966,4771,SalesPerson2,ThanksGiving
5,TV,College Student,Mid Cap,29,3925,3698,3966,4771,SalesPerson5,ThanksGiving
8,TV,Millenial,Low End,42,3923,3296,3574,4300,SalesPerson6,FallSeason
6,Web,College Student,Mid Cap,32,3920,3698,3966,4771,SalesPerson8,ThanksGiving
7,TV,Millenial,Low End,42,3919,3296,3574,4300,SalesPerson6,BackToSchool
8,Radio,Millenial,Low End,48,3907,3296,3574,4300,SalesPerson12,FallSeason
5,Radio,College Student,Mid Cap,35,3906,3698,3966,4771,SalesPerson11,ThanksGiving
14,TV,Senior,Low End,66,3905,3528,3796,4551,SalesPerson6,BackToSchool
4,Ad,College Student,Mid Cap,26,3890,3698,3966,4771,SalesPerson2,ThanksGiving
5,Web,College Student,Mid Cap,32,3889,3698,3966,4771,SalesPerson8,ThanksGiving
4,TV,College Student,Mid Cap,29,3885,3698,3966,4771,SalesPerson5,ThanksGiving
4,Radio,College Student,Mid Cap,35,3868,3698,3966,4771,SalesPerson11,ThanksGiving
5,Web,College Student,Mid Cap,32,3868,3698,3966,4771,SalesPerson8,ThanksGiving
5,Radio,College Student,Mid Cap,35,3862,3698,3966,4771,SalesPerson11,ThanksGiving
8,Web,Millenial,Low End,45,3860,3296,3574,4300,SalesPerson9,BackToSchool
13,Radio,Senior,High End,70,3845,3571,3840,4588,SalesPerson10,BackToSchool
6,Radio,College Student,Mid Cap,35,3842,3698,3966,4771,SalesPerson11,ThanksGiving
10,Radio,Genz,Mid Cap,59,3839,3210,3464,4192,SalesPerson11,BackToSchool
13,Radio,Senior,High End,70,3837,3571,3840,4588,SalesPerson10,ThanksGiving
8,Ad,Millenial,Low End,39,3834,3296,3574,4300,SalesPerson3,backToSchool
7,TV,Millenial,Low End,42,3825,3296,3574,4300,SalesPerson6,BackToSchool
6,Ad,College Student,Mid Cap,26,3822,3698,3966,4771,SalesPerson2,ThanksGiving
10,Radio,Genz,Mid Cap,59,3821,3210,3464,4192,SalesPerson11,BackToSchool
10,Web,Genz,Low End,57,3820,3015,3296,4059,SalesPerson9,FallSeason
6,TV,College Student,Mid Cap,29,3820,3698,3966,4771,SalesPerson5,ThanksGiving
9,Web,Millenial,Low End,45,3816,3296,3574,4300,SalesPerson9,BackToSchool
11,TV,Genz,Mid Cap,53,3814,3356,3642,4297,SalesPerson5,BackToSchool
14,Radio,Senior,Low End,72,3799,2944,3167,3831,SalesPerson12,FallSeason
13,Radio,Senior,Mid Cap,71,3792,3206,3450,4029,SalesPerson11,FallSeason
13,Radio,Senior,Mid Cap,71,3790,3206,3450,4029,SalesPerson11,FallSeason
15,Radio,Senior,High End,70,3782,3571,3840,4588,SalesPerson10,ThanksGiving
11,TV,Genz,Mid Cap,53,3779,3356,3642,4297,SalesPerson5,BackToSchool
12,Radio,Genz,Mid Cap,59,3776,3210,3464,4192,SalesPerson11,BackToSchool
14,Web,Senior,Low End,69,3775,2875,3134,4021,SalesPerson9,FallSeason
15,TV,Senior,Low End,66,3775,3528,3796,4551,SalesPerson6,ThanksGiving
13,Web,Senior,Low End,69,3767,2875,3134,4021,SalesPerson9,FallSeason
7,Radio,Millenial,Low End,48,3758,3296,3574,4300,SalesPerson12,BackToSchool
7,Ad,Millenial,Low End,39,3757,3296,3574,4300,SalesPerson3,BackToSchool
9,Radio,Millenial,Low End,48,3756,3296,3574,4300,SalesPerson12,BackToSchool
5,Ad,College Student,Mid Cap,26,3754,3698,3966,4771,SalesPerson2,ThanksGiving
12,Web,Genz,Low End,57,3753,3015,3296,4059,SalesPerson9,FallSeason
7,Radio,Millenial,Low End,48,3752,3296,3574,4300,SalesPerson12,BackToSchool
5,TV,College Student,Mid Cap,29,3750,3698,3966,4771,SalesPerson5,ThanksGiving
15,Radio,Senior,Low End,72,3745,2944,3167,3831,SalesPerson12,FallSeason
7,Radio,Millenial,Low End,48,3734,3296,3574,4300,SalesPerson12,BackToSchool
14,Radio,Senior,High End,70,3733,3571,3840,4588,SalesPerson10,ThanksGiving
13,Web,Senior,Low End,69,3730,2875,3134,4021,SalesPerson9,FallSeason
10,TV,Genz,Mid Cap,53,3728,3356,3642,4297,SalesPerson5,BackToSchool
6,Web,College Student,Mid Cap,32,3728,3698,3966,4771,SalesPerson8,ThanksGiving
11,Web,Genz,Low End,57,3725,3015,3296,4059,SalesPerson9,FallSeason
14,Radio,Senior,Mid Cap,71,3725,3206,3450,4029,SalesPerson11,FallSeason
6,Radio,College Student,Mid Cap,35,3718,3698,3966,4771,SalesPerson11,ThanksGiving
15,Radio,Senior,Low End,72,3711,2944,3167,3831,SalesPerson12,FallSeason
15,Web,Senior,Low End,69,3708,2875,3134,4021,SalesPerson9,FallSeason
14,TV,Senior,Low End,66,3704,3528,3796,4551,SalesPerson6,ThanksGiving
13,TV,Senior,Low End,66,3701,3528,3796,4551,SalesPerson6,ThanksGiving
9,Ad,Millenial,Low End,39,3696,3296,3574,4300,SalesPerson3,BackToSchool
11,Radio,Genz,Mid Cap,59,3686,3210,3464,4192,SalesPerson11,BackToSchool
9,Radio,Millenial,Low End,48,3664,3296,3574,4300,SalesPerson12,BackToSchool
15,Radio,Senior,Mid Cap,71,3662,3206,3450,4029,SalesPerson11,FallSeason
15,Radio,Senior,Mid Cap,71,3662,3206,3450,4029,SalesPerson11,BackToSchool
7,Web,Millenial,Low End,45,3662,3296,3574,4300,SalesPerson9,BackToSchool
14,Web,Senior,Low End,69,3658,2875,3134,4021,SalesPerson9,BackToSchool
7,Web,Millenial,Low End,45,3652,3296,3574,4300,SalesPerson9,BackToSchool
12,Radio,Genz,Mid Cap,59,3646,3210,3464,4192,SalesPerson11,BackToSchool
15,TV,Senior,Low End,66,3637,3528,3796,4551,SalesPerson6,ThanksGiving
7,Ad,Millenial,Low End,39,3631,3296,3574,4300,SalesPerson3,BackToSchool
15,Radio,Senior,Low End,72,3625,2944,3167,3831,SalesPerson12,FallSeason
14,Radio,Senior,Mid Cap,71,3622,3206,3450,4029,SalesPerson11,BackToSchool
14,Radio,Senior,High End,70,3621,3571,3840,4588,SalesPerson10,ThanksGiving
14,Radio,Senior,Low End,72,3619,2944,3167,3831,SalesPerson12,FallSeason
15,Radio,Senior,Mid Cap,71,3612,3206,3450,4029,SalesPerson11,BackToSchool
14,Radio,Senior,Mid Cap,71,3612,3206,3450,4029,SalesPerson11,BackToSchool
13,Radio,Senior,Mid Cap,71,3610,3206,3450,4029,SalesPerson11,BackToSchool
14,TV,Senior,Low End,66,3602,3528,3796,4551,SalesPerson6,ThanksGiving
7,Web,Millenial,Low End,45,3594,3296,3574,4300,SalesPerson9,BackToSchool
7,TV,Millenial,Low End,42,3591,3296,3574,4300,SalesPerson6,BackToSchool
8,TV,Millenial,Low End,42,3584,3296,3574,4300,SalesPerson6,BackToSchool
13,Radio,Senior,Low End,72,3578,2944,3167,3831,SalesPerson12,BackToSchool
7,TV,Millenial,Low End,42,3574,3296,3574,4300,SalesPerson6,BackToSchool
15,Radio,Senior,High End,70,3571,3571,3840,4588,SalesPerson10,ThanksGiving
15,Web,Senior,Low End,69,3551,2875,3134,4021,SalesPerson9,BackToSchool
9,Radio,Millenial,Low End,48,3532,3296,3574,4300,SalesPerson12,ThanksGiving
8,Web,Millenial,Low End,45,3531,3296,3574,4300,SalesPerson9,ThanksGiving
12,TV,Genz,Mid Cap,53,3527,3356,3642,4297,SalesPerson5,ThanksGiving
15,Web,Senior,Low End,69,3526,2875,3134,4021,SalesPerson9,BackToSchool
8,Radio,Millenial,Low End,48,3526,3296,3574,4300,SalesPerson12,ThanksGiving
9,Radio,Millenial,Low End,48,3522,3296,3574,4300,SalesPerson12,ThanksGiving
7,Radio,Millenial,Low End,48,3521,3296,3574,4300,SalesPerson12,ThanksGiving
8,Ad,Millenial,Low End,39,3514,3296,3574,4300,SalesPerson3,ThanksGiving
10,Web,Genz,Low End,57,3485,3015,3296,4059,SalesPerson9,BackToSchool
9,Ad,Millenial,Low End,39,3475,3296,3574,4300,SalesPerson3,ThanksGiving
11,TV,Genz,Mid Cap,53,3467,3356,3642,4297,SalesPerson5,ThanksGiving
12,TV,Genz,Mid Cap,53,3464,3356,3642,4297,SalesPerson5,ThanksGiving
9,TV,Millenial,Low End,42,3452,3296,3574,4300,SalesPerson6,ThanksGiving
11,Web,Genz,Low End,57,3442,3015,3296,4059,SalesPerson9,BackToSchool
7,TV,Millenial,Low End,42,3441,3296,3574,4300,SalesPerson6,ThanksGiving
13,Radio,Senior,Low End,72,3433,2944,3167,3831,SalesPerson12,BackToSchool
10,Web,Genz,Low End,57,3430,3015,3296,4059,SalesPerson9,BackToSchool
13,Radio,Senior,Low End,72,3423,2944,3167,3831,SalesPerson12,BackToSchool
7,Web,Millenial,Low End,45,3422,3296,3574,4300,SalesPerson9,ThanksGiving
14,Radio,Senior,Mid Cap,71,3421,3206,3450,4029,SalesPerson11,ThanksGiving
10,TV,Genz,Mid Cap,53,3404,3356,3642,4297,SalesPerson5,ThanksGiving
9,Web,Millenial,Low End,45,3403,3296,3574,4300,SalesPerson9,ThanksGiving
12,Radio,Genz,Mid Cap,59,3401,3210,3464,4192,SalesPerson11,ThanksGiving
9,Ad,Millenial,Low End,39,3399,3296,3574,4300,SalesPerson3,ThanksGiving
8,Ad,Millenial,Low End,39,3391,3296,3574,4300,SalesPerson3,ThanksGiving
11,TV,Genz,Mid Cap,53,3389,3356,3642,4297,SalesPerson5,ThanksGiving
14,Radio,Senior,Mid Cap,71,3386,3206,3450,4029,SalesPerson11,ThanksGiving
8,Radio,Millenial,Low End,48,3368,3296,3574,4300,SalesPerson12,ThanksGiving
8,Web,Millenial,Low End,45,3366,3296,3574,4300,SalesPerson9,ThanksGiving
15,Radio,Senior,Mid Cap,71,3360,3206,3450,4029,SalesPerson11,ThanksGiving
14,Radio,Senior,Low End,72,3359,2944,3167,3831,SalesPerson12,BackToSchool
8,TV,Millenial,Low End,42,3358,3296,3574,4300,SalesPerson6,ThanksGiving
14,Ad,Senior,Low End,63,3346,2713,2902,3361,SalesPerson3,FallSeason
7,Ad,Millenial,Low End,39,3343,3296,3574,4300,SalesPerson3,ThanksGiving
11,Web,Genz,Low End,57,3331,3015,3296,4059,SalesPerson9,BackToSchool
12,Web,Genz,Low End,57,3313,3015,3296,4059,SalesPerson9,BackToSchool
8,TV,Millenial,Low End,42,3307,3296,3574,4300,SalesPerson6,ThanksGiving
10,Radio,Genz,Mid Cap,59,3303,3210,3464,4192,SalesPerson11,ThanksGiving
11,Radio,Genz,Mid Cap,59,3301,3210,3464,4192,SalesPerson11,ThanksGiving
9,Web,Millenial,Low End,45,3299,3296,3574,4300,SalesPerson9,ThanksGiving
9,TV,Millenial,Low End,42,3297,3296,3574,4300,SalesPerson6,ThanksGiving
15,Radio,Senior,Mid Cap,71,3263,3206,3450,4029,SalesPerson11,ThanksGiving
12,Radio,Genz,Mid Cap,59,3254,3210,3464,4192,SalesPerson11,ThanksGiving
13,Radio,Senior,Low End,72,3253,2944,3167,3831,SalesPerson12,BackToSchool
10,Web,Genz,Low End,57,3249,3015,3296,4059,SalesPerson9,ThanksGiving
13,Radio,Senior,Mid Cap,71,3237,3206,3450,4029,SalesPerson11,ThanksGiving
12,Web,Genz,Low End,57,3233,3015,3296,4059,SalesPerson9,ThanksGiving
11,Radio,Genz,Mid Cap,59,3230,3210,3464,4192,SalesPerson11,ThanksGiving
13,Ad,Senior,Low End,63,3227,2713,2902,3361,SalesPerson3,FallSeason
11,Web,Genz,Low End,57,3221,3015,3296,4059,SalesPerson9,ThanksGiving
15,Ad,Senior,Low End,63,3219,2713,2902,3361,SalesPerson3,FallSeason
13,Web,Senior,Low End,69,3201,2875,3134,4021,SalesPerson9,BackToSchool
15,Ad,Senior,Low End,63,3195,2713,2902,3361,SalesPerson3,FallSeason
15,Ad,Senior,Low End,63,3179,2713,2902,3361,SalesPerson3,BackToSchool
12,Web,Genz,Low End,57,3171,3015,3296,4059,SalesPerson9,ThanksGiving
13,Ad,Senior,Low End,63,3166,2713,2902,3361,SalesPerson3,FallSeason
14,Web,Senior,Low End,69,3160,2875,3134,4021,SalesPerson9,BackToSchool
15,Radio,Senior,Low End,72,3157,2944,3167,3831,SalesPerson12,ThanksGiving
13,Ad,Senior,Low End,63,3130,2713,2902,3361,SalesPerson3,BackToSchool
15,Web,Senior,Low End,69,3126,2875,3134,4021,SalesPerson9,ThanksGiving
14,Ad,Senior,Low End,63,3113,2713,2902,3361,SalesPerson3,BackToSchool
13,Radio,Senior,Low End,72,3096,2944,3167,3831,SalesPerson12,ThanksGiving
13,Ad,Senior,Low End,63,3080,2713,2902,3361,SalesPerson3,BackToSchool
11,Web,Genz,Low End,57,3067,3015,3296,4059,SalesPerson9,ThanksGiving
15,Web,Senior,Low End,69,3059,2875,3134,4021,SalesPerson9,ThanksGiving
15,Radio,Senior,Low End,72,3054,2944,3167,3831,SalesPerson12,ThanksGiving
14,Radio,Senior,Low End,72,3031,2944,3167,3831,SalesPerson12,ThanksGiving
4,Ad,College Student,Low End,27,3010,2409,2610,3013,SalesPerson3,FallSeason
5,Radio,College Student,Low End,36,3008,2409,2610,3013,SalesPerson12,FallSeason
6,Ad,College Student,Low End,27,3000,2409,2610,3013,SalesPerson3,FallSeason
5,Ad,College Student,Low End,27,2990,2409,2610,3013,SalesPerson3,FallSeason
1,Ad,Teen,Mid Cap,14,2973,2379,2576,2973,SalesPerson2,
4,Ad,College Student,Low End,27,2970,2409,2610,3013,SalesPerson3,FallSeason
14,Radio,Senior,Low End,72,2970,2944,3167,3831,SalesPerson12,ThanksGiving
5,Radio,College Student,Low End,36,2969,2409,2610,3013,SalesPerson12,FallSeason
5,Web,College Student,Low End,33,2969,2409,2610,3013,SalesPerson9,FallSeason
1,TV,Teen,Mid Cap,17,2967,2379,2576,2973,SalesPerson5,FallSeason
10,TV,Genz,Low End,54,2956,2382,2551,2990,SalesPerson6,FallSeason
5,TV,College Student,Low End,30,2953,2409,2610,3013,SalesPerson6,FallSeason
1,Radio,Teen,Mid Cap,23,2950,2379,2576,2973,SalesPerson11,FallSeason
1,Web,Teen,Mid Cap,20,2950,2379,2576,2973,SalesPerson8,FallSeason
6,Ad,College Student,Low End,27,2940,2409,2610,3013,SalesPerson3,FallSeason
14,Web,Senior,Low End,69,2940,2875,3134,4021,SalesPerson9,ThanksGiving
4,Radio,College Student,Low End,36,2932,2409,2610,3013,SalesPerson12,FallSeason
14,Ad,Senior,Low End,63,2932,2713,2902,3361,SalesPerson3,BackToSchool
10,TV,Genz,Low End,54,2919,2382,2551,2990,SalesPerson6,FallSeason
3,Ad,Teen,Mid Cap,14,2918,2379,2576,2973,SalesPerson2,FallSeason
14,Web,Senior,Low End,69,2915,2875,3134,4021,SalesPerson9,ThanksGiving
3,TV,Teen,Mid Cap,17,2912,2379,2576,2973,SalesPerson5,FallSeason
2,Web,Teen,Mid Cap,20,2911,2379,2576,2973,SalesPerson8,FallSeason
6,TV,College Student,Low End,30,2911,2409,2610,3013,SalesPerson6,FallSeason
3,Radio,Teen,Mid Cap,23,2902,2379,2576,2973,SalesPerson11,FallSeason
4,Web,College Student,Low End,33,2902,2409,2610,3013,SalesPerson9,FallSeason
1,Ad,Teen,Mid Cap,14,2900,2379,2576,2973,SalesPerson2,FallSeason
15,Ad,Senior,Low End,63,2898,2713,2902,3361,SalesPerson3,ThanksGiving
13,Web,Senior,Low End,69,2890,2875,3134,4021,SalesPerson9,ThanksGiving
12,TV,Genz,Low End,54,2881,2382,2551,2990,SalesPerson6,FallSeason
5,Ad,College Student,Low End,27,2880,2409,2610,3013,SalesPerson3,BackToSchool
1,TV,Teen,Mid Cap,17,2878,2379,2576,2973,SalesPerson5,FallSeason
1,Radio,Teen,Mid Cap,23,2874,2379,2576,2973,SalesPerson11,FallSeason
14,Ad,Senior,Low End,63,2873,2713,2902,3361,SalesPerson3,ThanksGiving
4,TV,College Student,Low End,30,2869,2409,2610,3013,SalesPerson6,FallSeason
2,TV,Teen,Mid Cap,17,2865,2379,2576,2973,SalesPerson5,BackToSchool
5,Web,College Student,Low End,33,2861,2409,2610,3013,SalesPerson9,FallSeason
2,Ad,Teen,Mid Cap,14,2860,2379,2576,2973,SalesPerson2,BackToSchool
2,Radio,Teen,Mid Cap,23,2856,2379,2576,2973,SalesPerson11,BackToSchool
4,Web,College Student,Low End,33,2853,2409,2610,3013,SalesPerson9,FallSeason
4,TV,College Student,Low End,30,2847,2409,2610,3013,SalesPerson6,BackToSchool
1,Web,Teen,Mid Cap,20,2846,2379,2576,2973,SalesPerson8,FallSeason
11,TV,Genz,Low End,54,2841,2382,2551,2990,SalesPerson6,FallSeason
6,Web,College Student,Low End,33,2835,2409,2610,3013,SalesPerson9,FallSeason
4,Radio,College Student,Low End,36,2835,2409,2610,3013,SalesPerson12,FallSeason
3,Web,Teen,Mid Cap,20,2834,2379,2576,2973,SalesPerson8,FallSeason
5,TV,College Student,Low End,30,2832,2409,2610,3013,SalesPerson6,FallSeason
4,Ad,College Student,Low End,27,2820,2409,2610,3013,SalesPerson3,BackToSchool
11,Ad,Genz,Mid Cap,50,2819,2117,2286,2843,SalesPerson2,FallSeason
4,TV,College Student,Low End,30,2809,2409,2610,3013,SalesPerson6,FallSeason
13,Ad,Senior,Low End,63,2804,2713,2902,3361,SalesPerson3,ThanksGiving
1,TV,Teen,Mid Cap,17,2803,2379,2576,2973,SalesPerson5,BackToSchool
1,Ad,Teen,Mid Cap,14,2801,2379,2576,2973,SalesPerson2,BackToSchool
1,Radio,Teen,Mid Cap,23,2801,2379,2576,2973,SalesPerson11,BackToSchool
15,Ad,Senior,Low End,63,2800,2713,2902,3361,SalesPerson3,ThanksGiving
4,TV,College Student,Low End,30,2797,2409,2610,3013,SalesPerson6,BackToSchool
3,Web,Teen,Mid Cap,20,2783,2379,2576,2973,SalesPerson8,FallSeason
12,TV,Genz,Low End,54,2774,2382,2551,2990,SalesPerson6,FallSeason
6,Radio,College Student,Low End,36,2774,2409,2610,3013,SalesPerson12,FallSeason
5,Web,College Student,Low End,33,2773,2409,2610,3013,SalesPerson9,BackToSchool
4,Radio,College Student,Low End,36,2773,2409,2610,3013,SalesPerson12,BackToSchool
2,Web,Teen,Mid Cap,20,2762,2379,2576,2973,SalesPerson8,BackToSchool
6,Ad,College Student,Low End,27,2760,2409,2610,3013,SalesPerson3,BackToSchool
5,Radio,College Student,Low End,36,2760,2409,2610,3013,SalesPerson12,BackToSchool
3,TV,Teen,Mid Cap,17,2750,2379,2576,2973,SalesPerson5,BackToSchool
3,Ad,Teen,Mid Cap,14,2750,2379,2576,2973,SalesPerson2,FallSeason
10,TV,Genz,Low End,54,2747,2382,2551,2990,SalesPerson6,BackToSchool
14,Ad,Senior,Low End,63,2744,2713,2902,3361,SalesPerson3,ThanksGiving
3,Ad,Teen,Mid Cap,14,2743,2379,2576,2973,SalesPerson2,backToSchool
3,Radio,Teen,Mid Cap,23,2730,2379,2576,2973,SalesPerson11,BackToSchool
11,TV,Genz,Low End,54,2728,2382,2551,2990,SalesPerson6,BackToSchool
12,Ad,Genz,Mid Cap,50,2708,2117,2286,2843,SalesPerson2,FallSeason
2,Web,Teen,Mid Cap,20,2705,2379,2576,2973,SalesPerson8,BackToSchool
3,TV,Teen,Mid Cap,17,2701,2379,2576,2973,SalesPerson5,FallSeason
5,TV,College Student,Low End,30,2701,2409,2610,3013,SalesPerson6,BackToSchool
5,Ad,College Student,Low End,27,2700,2409,2610,3013,SalesPerson3,BackToSchool
3,Radio,Teen,Mid Cap,23,2698,2379,2576,2973,SalesPerson11,FallSeason
6,Radio,College Student,Low End,36,2691,2409,2610,3013,SalesPerson12,BackToSchool
10,TV,Genz,Low End,54,2688,2382,2551,2990,SalesPerson6,BackToSchool
1,Web,Teen,Mid Cap,20,2688,2379,2576,2973,SalesPerson8,BackToSchool
2,Ad,Teen,Mid Cap,14,2685,2379,2576,2973,SalesPerson2,BackToSchool
2,TV,Teen,Mid Cap,17,2685,2379,2576,2973,SalesPerson5,BackToSchool
2,Radio,Teen,Mid Cap,23,2685,2379,2576,2973,SalesPerson11,BackToSchool
4,Web,College Student,Low End,33,2682,2409,2610,3013,SalesPerson9,BackToSchool
11,Ad,Genz,Mid Cap,50,2679,2117,2286,2843,SalesPerson2,FallSeason
6,Web,College Student,Low End,33,2678,2409,2610,3013,SalesPerson9,BackToSchool
6,Web,College Student,Low End,33,2654,2409,2610,3013,SalesPerson9,BackToSchool
12,Ad,Genz,Mid Cap,50,2653,2117,2286,2843,SalesPerson2,FallSeason
2,Ad,Teen,Mid Cap,14,2650,2379,2576,2973,SalesPerson2,FallSeason
4,Ad,College Student,Low End,27,2650,2409,2610,3013,SalesPerson3,BackToSchool
4,Radio,College Student,Low End,36,2645,2409,2610,3013,SalesPerson12,BackToSchool
10,Ad,Genz,Mid Cap,50,2644,2117,2286,2843,SalesPerson2,FallSeason
6,Radio,College Student,Low End,36,2644,2409,2610,3013,SalesPerson12,BackToSchool
6,TV,College Student,Low End,30,2643,2409,2610,3013,SalesPerson6,BackToSchool
3,Web,Teen,Mid Cap,20,2640,2379,2576,2973,SalesPerson8,BackToSchool
10,Ad,Genz,Mid Cap,50,2636,2117,2286,2843,SalesPerson2,BackToSchool
11,TV,Genz,Low End,54,2636,2382,2551,2990,SalesPerson6,BackToSchool
2,TV,Teen,Mid Cap,17,2634,2379,2576,2973,SalesPerson5,FallSeason
4,Web,College Student,Low End,33,2632,2409,2610,3013,SalesPerson9,BackToSchool
6,TV,College Student,Low End,30,2631,2409,2610,3013,SalesPerson6,BackToSchool
2,Radio,Teen,Mid Cap,23,2623,2379,2576,2973,SalesPerson11,FallSeason
1,Web,Teen,Mid Cap,20,2620,2379,2576,2973,SalesPerson8,BackToSchool
12,TV,Genz,Low End,54,2611,2382,2551,2990,SalesPerson6,BackToSchool
6,Ad,College Student,Low End,27,2610,2409,2610,3013,SalesPerson3,
5,Ad,College Student,Low End,27,2605,2409,2610,3013,SalesPerson3,ThanksGiving
1,Ad,Teen,Mid Cap,14,2600,2379,2576,2973,SalesPerson2,BackToSchool
1,TV,Teen,Mid Cap,17,2600,2379,2576,2973,SalesPerson5,BackToSchool
1,Radio,Teen,Mid Cap,23,2600,2379,2576,2973,SalesPerson11,BackToSchool
4,Ad,College Student,Low End,27,2600,2409,2610,3013,SalesPerson3,ThanksGiving
4,Radio,College Student,Low End,36,2600,2409,2610,3013,SalesPerson12,ThanksGiving
10,Ad,Genz,Mid Cap,50,2595,2117,2286,2843,SalesPerson2,BackToSchool
6,TV,College Student,Low End,30,2592,2409,2610,3013,SalesPerson6,ThanksGiving
5,TV,College Student,Low End,30,2585,2409,2610,3013,SalesPerson6,ThanksGiving
5,Web,College Student,Low End,33,2584,2409,2610,3013,SalesPerson9,ThanksGiving
5,Web,College Student,Low End,33,2582,2409,2610,3013,SalesPerson9,ThanksGiving
3,TV,Teen,Mid Cap,17,2576,2379,2576,2973,SalesPerson5,ThanksGiving
12,Ad,Genz,Mid Cap,50,2558,2117,2286,2843,SalesPerson2,BackToSchool
3,Ad,Teen,Mid Cap,14,2555,2379,2576,2973,SalesPerson2,ThanksGiving
6,Ad,College Student,Low End,27,2550,2409,2610,3013,SalesPerson3,ThanksGiving
2,TV,Teen,Mid Cap,17,2542,2379,2576,2973,SalesPerson5,ThanksGiving
5,TV,College Student,Low End,30,2538,2409,2610,3013,SalesPerson6,ThanksGiving
5,Radio,College Student,Low End,36,2534,2409,2610,3013,SalesPerson12,ThanksGiving
1,Ad,Teen,Mid Cap,14,2532,2379,2576,2973,SalesPerson2,ThanksGiving
3,Web,Teen,Mid Cap,20,2530,2379,2576,2973,SalesPerson8,ThanksGiving
1,Radio,Teen,Mid Cap,23,2530,2379,2576,2973,SalesPerson11,ThanksGiving
5,Radio,College Student,Low End,36,2527,2409,2610,3013,SalesPerson12,ThanksGiving
11,TV,Genz,Low End,54,2522,2382,2551,2990,SalesPerson6,ThanksGiving
6,Radio,College Student,Low End,36,2521,2409,2610,3013,SalesPerson12,ThanksGiving
6,TV,College Student,Low End,30,2518,2409,2610,3013,SalesPerson6,ThanksGiving
3,TV,Teen,Mid Cap,17,2505,2379,2576,2973,SalesPerson5,ThanksGiving
5,Ad,College Student,Low End,27,2500,2409,2610,3013,SalesPerson3,ThanksGiving
12,TV,Genz,Low End,54,2499,2382,2551,2990,SalesPerson6,ThanksGiving
11,Ad,Genz,Mid Cap,50,2498,2117,2286,2843,SalesPerson2,BackToSchool
1,Web,Teen,Mid Cap,20,2498,2379,2576,2973,SalesPerson8,ThanksGiving
6,Radio,College Student,Low End,36,2497,2409,2610,3013,SalesPerson12,ThanksGiving
3,Ad,Teen,Mid Cap,14,2487,2379,2576,2973,SalesPerson2,ThanksGiving
3,Radio,Teen,Mid Cap,23,2485,2379,2576,2973,SalesPerson11,ThanksGiving
12,TV,Genz,Low End,54,2481,2382,2551,2990,SalesPerson6,ThanksGiving
6,Web,College Student,Low End,33,2477,2409,2610,3013,SalesPerson9,ThanksGiving
4,TV,College Student,Low End,30,2472,2409,2610,3013,SalesPerson6,ThanksGiving
2,Web,Teen,Mid Cap,20,2465,2379,2576,2973,SalesPerson8,ThanksGiving
2,Radio,Teen,Mid Cap,23,2456,2379,2576,2973,SalesPerson11,ThanksGiving
2,TV,Teen,Mid Cap,17,2450,2379,2576,2973,SalesPerson5,ThanksGiving
11,TV,Genz,Low End,54,2431,2382,2551,2990,SalesPerson6,ThanksGiving
6,Web,College Student,Low End,33,2429,2409,2610,3013,SalesPerson9,ThanksGiving
4,Web,College Student,Low End,33,2413,2409,2610,3013,SalesPerson9,ThanksGiving
2,Web,Teen,Mid Cap,20,2412,2379,2576,2973,SalesPerson8,ThanksGiving
2,Ad,Teen,Mid Cap,14,2400,2379,2576,2973,SalesPerson2,ThanksGiving
2,Radio,Teen,Mid Cap,23,2400,2379,2576,2973,SalesPerson11,ThanksGiving
10,TV,Genz,Low End,54,2394,2382,2551,2990,SalesPerson6,ThanksGiving
3,Web,Teen,Mid Cap,20,2387,2379,2576,2973,SalesPerson8,ThanksGiving
1,TV,Teen,Mid Cap,17,2379,2379,2576,2973,SalesPerson5,ThanksGiving
2,Ad,Teen,Mid Cap,14,2379,2379,2576,2973,SalesPerson2,ThanksGiving
3,Radio,Teen,Mid Cap,23,2379,2379,2576,2973,SalesPerson11,ThanksGiving
10,Ad,Genz,Mid Cap,50,2347,2117,2286,2843,SalesPerson2,BackToSchool
12,Radio,Genz,Low End,60,2235,1683,1843,2278,SalesPerson12,FallSeason
2,Web,Teen,Low End,21,2197,1693,1854,2197,SalesPerson9,
3,TV,Teen,Low End,18,2197,1693,1854,2197,SalesPerson6,
11,Ad,Genz,Mid Cap,50,2197,2117,2286,2843,SalesPerson2,ThanksGiving
12,Ad,Genz,Mid Cap,50,2188,2117,2286,2843,SalesPerson2,ThanksGiving
2,Ad,Teen,Low End,15,2180,1693,1854,2197,SalesPerson3,FallSeason
1,TV,Teen,Low End,18,2180,1693,1854,2197,SalesPerson6,FallSeason
11,Radio,Genz,Low End,60,2179,1683,1843,2278,SalesPerson12,FallSeason
2,TV,Teen,Low End,18,2175,1693,1854,2197,SalesPerson6,FallSeason
12,Ad,Genz,Mid Cap,50,2170,2117,2286,2843,SalesPerson2,ThanksGiving
1,Ad,Teen,Low End,15,2167,1693,1854,2197,SalesPerson3,FallSeason
10,Ad,Genz,Mid Cap,50,2161,2117,2286,2843,SalesPerson2,ThanksGiving
1,Radio,Teen,Low End,24,2154,1693,1854,2197,SalesPerson12,FallSeason
1,TV,Teen,Low End,18,2150,1693,1854,2197,SalesPerson6,FallSeason
11,Ad,Genz,Mid Cap,50,2137,2117,2286,2843,SalesPerson2,ThanksGiving
3,TV,Teen,Low End,18,2135,1693,1854,2197,SalesPerson6,FallSeason
3,Ad,Teen,Low End,15,2134,1693,1854,2197,SalesPerson3,FallSeason
1,Radio,Teen,Low End,24,2123,1693,1854,2197,SalesPerson12,FallSeason
11,Radio,Genz,Low End,60,2118,1683,1843,2278,SalesPerson12,FallSeason
2,Ad,Teen,Low End,15,2101,1693,1854,2197,SalesPerson3,BackToSchool
1,Web,Teen,Low End,21,2100,1693,1854,2197,SalesPerson9,FallSeason
2,TV,Teen,Low End,18,2100,1693,1854,2197,SalesPerson6,BackToSchool
12,Radio,Genz,Low End,60,2093,1683,1843,2278,SalesPerson12,FallSeason
1,Web,Teen,Low End,21,2088,1693,1854,2197,SalesPerson9,FallSeason
1,Radio,Teen,Low End,24,2087,1693,1854,2197,SalesPerson12,BackToSchool
1,Ad,Teen,Low End,15,2066,1693,1854,2197,SalesPerson3,BackToSchool
3,Radio,Teen,Low End,24,2066,1693,1854,2197,SalesPerson12,FallSeason
10,Radio,Genz,Low End,60,2054,1683,1843,2278,SalesPerson12,FallSeason
1,TV,Teen,Low End,18,2050,1693,1854,2197,SalesPerson6,BackToSchool
12,Radio,Genz,Low End,60,2047,1683,1843,2278,SalesPerson12,BackToSchool
3,Radio,Teen,Low End,24,2034,1693,1854,2197,SalesPerson12,BackToSchool
3,Web,Teen,Low End,21,2023,1693,1854,2197,SalesPerson9,FallSeason
3,TV,Teen,Low End,18,2005,1693,1854,2197,SalesPerson6,BackToSchool
3,Web,Teen,Low End,21,2005,1693,1854,2197,SalesPerson9,FallSeason
3,Radio,Teen,Low End,24,2005,1693,1854,2197,SalesPerson12,FallSeason
3,Ad,Teen,Low End,15,2003,1693,1854,2197,SalesPerson3,backToSchool
1,Ad,Teen,Low End,15,1999,1693,1854,2197,SalesPerson3,FallSeason
2,Radio,Teen,Low End,24,1988,1693,1854,2197,SalesPerson12,FallSeason
2,TV,Teen,Low End,18,1975,1693,1854,2197,SalesPerson6,BackToSchool
2,Web,Teen,Low End,21,1975,1693,1854,2197,SalesPerson9,BackToSchool
2,Radio,Teen,Low End,24,1975,1693,1854,2197,SalesPerson12,BackToSchool
2,Web,Teen,Low End,21,1956,1693,1854,2197,SalesPerson9,BackToSchool
2,Ad,Teen,Low End,15,1945,1693,1854,2197,SalesPerson3,BackToSchool
2,Radio,Teen,Low End,24,1942,1693,1854,2197,SalesPerson12,BackToSchool
1,Web,Teen,Low End,21,1934,1693,1854,2197,SalesPerson9,BackToSchool
3,Ad,Teen,Low End,15,1922,1693,1854,2197,SalesPerson3,FallSeason
10,Radio,Genz,Low End,60,1909,1683,1843,2278,SalesPerson12,BackToSchool
11,Radio,Genz,Low End,60,1903,1683,1843,2278,SalesPerson12,BackToSchool
10,Radio,Genz,Low End,60,1901,1683,1843,2278,SalesPerson12,BackToSchool
1,TV,Teen,Low End,18,1900,1693,1854,2197,SalesPerson6,BackToSchool
1,Web,Teen,Low End,21,1900,1693,1854,2197,SalesPerson9,BackToSchool
1,Radio,Teen,Low End,24,1900,1693,1854,2197,SalesPerson12,BackToSchool
3,Web,Teen,Low End,21,1889,1693,1854,2197,SalesPerson9,BackToSchool
10,Radio,Genz,Low End,60,1887,1683,1843,2278,SalesPerson12,BackToSchool
1,Ad,Teen,Low End,15,1870,1693,1854,2197,SalesPerson3,BackToSchool
3,Radio,Teen,Low End,24,1854,1693,1854,2197,SalesPerson12,ThanksGiving
3,TV,Teen,Low End,18,1850,1693,1854,2197,SalesPerson6,ThanksGiving
3,Ad,Teen,Low End,15,1845,1693,1854,2197,SalesPerson3,ThanksGiving
2,TV,Teen,Low End,18,1840,1693,1854,2197,SalesPerson6,ThanksGiving
11,Radio,Genz,Low End,60,1838,1683,1843,2278,SalesPerson12,ThanksGiving
2,Ad,Teen,Low End,15,1836,1693,1854,2197,SalesPerson3,ThanksGiving
1,Web,Teen,Low End,21,1835,1693,1854,2197,SalesPerson9,ThanksGiving
2,Radio,Teen,Low End,24,1835,1693,1854,2197,SalesPerson12,ThanksGiving
1,TV,Teen,Low End,18,1825,1693,1854,2197,SalesPerson6,ThanksGiving
1,Radio,Teen,Low End,24,1812,1693,1854,2197,SalesPerson12,ThanksGiving
3,Web,Teen,Low End,21,1802,1693,1854,2197,SalesPerson9,ThanksGiving
1,Ad,Teen,Low End,15,1802,1693,1854,2197,SalesPerson3,ThanksGiving
3,TV,Teen,Low End,18,1800,1693,1854,2197,SalesPerson6,ThanksGiving
10,Radio,Genz,Low End,60,1798,1683,1843,2278,SalesPerson12,ThanksGiving
2,Web,Teen,Low End,21,1789,1693,1854,2197,SalesPerson9,ThanksGiving
3,Radio,Teen,Low End,24,1780,1693,1854,2197,SalesPerson12,ThanksGiving
3,Ad,Teen,Low End,15,1765,1693,1854,2197,SalesPerson3,ThanksGiving
2,TV,Teen,Low End,18,1750,1693,1854,2197,SalesPerson6,ThanksGiving
2,Web,Teen,Low End,21,1750,1693,1854,2197,SalesPerson9,ThanksGiving
12,Radio,Genz,Low End,60,1730,1683,1843,2278,SalesPerson12,ThanksGiving
2,Radio,Teen,Low End,24,1725,1693,1854,2197,SalesPerson12,ThanksGiving
3,Web,Teen,Low End,21,1712,1693,1854,2197,SalesPerson9,ThanksGiving
2,Ad,Teen,Low End,15,1710,1693,1854,2197,SalesPerson3,ThanksGiving
12,Radio,Genz,Low End,60,1692,1683,1843,2278,SalesPerson12,ThanksGiving
11,Radio,Genz,Low End,60,1686,1683,1843,2278,SalesPerson12,ThanksGiving
